List of nonzero CGCs for S x S' => S'', alpha
Q(M)	Q(M')	Q(M'')	CGC
1	1	1	0.999999999999999
1	2	2	0.999999999999999
1	3	3	1.000000000000000
1	4	4	1.000000000000000
1	5	5	0.999999999999999
1	6	6	0.999999999999999
1	7	7	0.999999999999999
1	8	8	0.999999999999999
1	9	9	0.999999999999999
1	10	10	0.999999999999999
1	11	11	0.999999999999999
1	12	12	1.000000000000000
1	13	13	0.999999999999999
1	14	14	1.000000000000000
1	15	15	1.000000000000000
1	16	16	0.774596669241483
2	6	16	0.258198889747161
3	2	16	-0.258198889747161
4	1	16	0.516397779494322
1	17	17	0.774596669241483
2	7	17	0.258198889747161
3	3	17	-0.365148371670110
4	2	17	0.447213595499958
1	18	18	0.774596669241483
2	8	18	0.258198889747161
3	4	18	-0.447213595499957
4	3	18	0.365148371670110
1	19	19	0.774596669241483
2	9	19	0.258198889747161
3	5	19	-0.516397779494322
4	4	19	0.258198889747161
1	20	20	0.774596669241483
2	10	20	0.365148371670111
3	7	20	-0.258198889747160
4	6	20	0.447213595499958
1	21	21	0.774596669241483
2	11	21	0.365148371670111
3	8	21	-0.365148371670110
4	7	21	0.365148371670111
1	22	22	0.774596669241483
2	12	22	0.365148371670111
3	9	22	-0.447213595499957
4	8	22	0.258198889747161
1	23	23	0.774596669241483
2	13	23	0.447213595499958
3	11	23	-0.258198889747160
4	10	23	0.365148371670111
1	24	24	0.774596669241483
2	14	24	0.447213595499958
3	12	24	-0.365148371670110
4	11	24	0.258198889747161
1	25	25	0.774596669241483
2	15	25	0.516397779494322
3	14	25	-0.258198889747161
4	13	25	0.258198889747161
1	26	26	0.577350269189625
2	20	26	0.326598632371090
3	17	26	-0.326598632371090
4	16	26	0.565685424949237
5	10	26	0.094280904158207
6	7	26	-0.094280904158205
7	6	26	0.163299316185545
8	3	26	0.094280904158206
9	2	26	-0.163299316185545
10	1	26	0.230940107675850
1	27	27	0.577350269189625
2	21	27	0.326598632371090
3	18	27	-0.461880215351700
4	17	27	0.461880215351701
5	11	27	0.094280904158207
6	8	27	-0.133333333333333
7	7	27	0.133333333333333
8	4	27	0.163299316185545
9	3	27	-0.188561808316413
10	2	27	0.163299316185545
1	28	28	0.577350269189625
2	22	28	0.326598632371090
3	19	28	-0.565685424949238
4	18	28	0.326598632371090
5	12	28	0.094280904158207
6	9	28	-0.163299316185545
7	8	28	0.094280904158206
8	5	28	0.230940107675850
9	4	28	-0.163299316185545
10	3	28	0.094280904158206
1	29	29	0.577350269189625
2	23	29	0.461880215351701
3	21	29	-0.326598632371089
4	20	29	0.461880215351700
5	13	29	0.163299316185546
6	11	29	-0.133333333333332
7	10	29	0.188561808316413
8	8	29	0.094280904158207
9	7	29	-0.133333333333333
10	6	29	0.163299316185545
1	30	30	0.577350269189626
2	24	30	0.461880215351701
3	22	30	-0.461880215351700
4	21	30	0.326598632371091
5	14	30	0.163299316185546
6	12	30	-0.188561808316412
7	11	30	0.133333333333334
8	9	30	0.163299316185545
9	8	30	-0.133333333333333
10	7	30	0.094280904158206
1	31	31	0.577350269189625
2	25	31	0.565685424949237
3	24	31	-0.326598632371090
4	23	31	0.326598632371091
5	15	31	0.230940107675850
6	14	31	-0.163299316185545
7	13	31	0.163299316185546
8	12	31	0.094280904158206
9	11	31	-0.094280904158206
10	10	31	0.094280904158206
1	32	32	0.408248290463863
2	29	32	0.353553390593273
3	27	32	-0.353553390593273
4	26	32	0.500000000000000
5	23	32	0.173205080756888
6	21	32	-0.173205080756886
7	20	32	0.244948974278318
8	18	32	0.173205080756888
9	17	32	-0.244948974278318
10	16	32	0.300000000000000
11	13	32	0.040824829046387
12	11	32	-0.040824829046385
13	10	32	0.057735026918963
14	8	32	0.040824829046387
15	7	32	-0.057735026918962
16	6	32	0.070710678118655
17	4	32	-0.040824829046386
18	3	32	0.057735026918963
19	2	32	-0.070710678118655
20	1	32	0.081649658092773
1	33	33	0.408248290463863
2	30	33	0.353553390593274
3	28	33	-0.500000000000000
4	27	33	0.353553390593274
5	24	33	0.173205080756888
6	22	33	-0.244948974278317
7	21	33	0.173205080756888
8	19	33	0.300000000000000
9	18	33	-0.244948974278318
10	17	33	0.173205080756888
11	14	33	0.040824829046387
12	12	33	-0.057735026918962
13	11	33	0.040824829046387
14	9	33	0.070710678118655
15	8	33	-0.057735026918962
16	7	33	0.040824829046386
17	5	33	-0.081649658092773
18	4	33	0.070710678118655
19	3	33	-0.057735026918963
20	2	33	0.040824829046386
1	34	34	0.408248290463863
2	31	34	0.499999999999999
3	30	34	-0.353553390593273
4	29	34	0.353553390593274
5	25	34	0.299999999999999
6	24	34	-0.244948974278317
7	23	34	0.244948974278318
8	22	34	0.173205080756888
9	21	34	-0.173205080756888
10	20	34	0.173205080756888
11	15	34	0.081649658092772
12	14	34	-0.070710678118654
13	13	34	0.070710678118655
14	12	34	0.057735026918963
15	11	34	-0.057735026918962
16	10	34	0.057735026918963
17	9	34	-0.040824829046386
18	8	34	0.040824829046386
19	7	34	-0.040824829046386
20	6	34	0.040824829046386
1	35	35	0.267261241912424
2	34	35	0.356348322549899
3	33	35	-0.356348322549899
4	32	35	0.356348322549899
5	31	35	0.267261241912424
6	30	35	-0.267261241912424
7	29	35	0.267261241912425
8	28	35	0.267261241912425
9	27	35	-0.267261241912424
10	26	35	0.267261241912424
11	25	35	0.106904496764969
12	24	35	-0.106904496764969
13	23	35	0.106904496764970
14	22	35	0.106904496764970
15	21	35	-0.106904496764969
16	20	35	0.106904496764970
17	19	35	-0.106904496764970
18	18	35	0.106904496764970
19	17	35	-0.106904496764970
20	16	35	0.106904496764970
21	15	35	0.017817416127495
22	14	35	-0.017817416127495
23	13	35	0.017817416127495
24	12	35	0.017817416127495
25	11	35	-0.017817416127495
26	10	35	0.017817416127495
27	9	35	-0.017817416127495
28	8	35	0.017817416127495
29	7	35	-0.017817416127495
30	6	35	0.017817416127495
31	5	35	0.017817416127495
32	4	35	-0.017817416127495
33	3	35	0.017817416127495
34	2	35	-0.017817416127495
35	1	35	0.017817416127495
2	1	36	1.000000000000000
2	2	37	1.000000000000000
2	3	38	1.000000000000000
2	4	39	1.000000000000000
2	5	40	1.000000000000000
2	6	41	0.912870929175276
3	2	41	0.182574185835055
4	1	41	-0.365148371670111
2	7	42	0.912870929175276
3	3	42	0.258198889747161
4	2	42	-0.316227766016838
2	8	43	0.912870929175276
3	4	43	0.316227766016838
4	3	43	-0.258198889747161
2	9	44	0.912870929175276
3	5	44	0.365148371670111
4	4	44	-0.182574185835055
2	10	45	0.816496580927725
3	7	45	0.288675134594813
4	6	45	-0.500000000000000
2	11	46	0.816496580927725
3	8	46	0.408248290463863
4	7	46	-0.408248290463863
2	12	47	0.816496580927725
3	9	47	0.500000000000000
4	8	47	-0.288675134594813
2	13	48	0.707106781186547
3	11	48	0.408248290463862
4	10	48	-0.577350269189626
2	14	49	0.707106781186547
3	12	49	0.577350269189625
4	11	49	-0.408248290463863
2	15	50	0.577350269189626
3	14	50	0.577350269189625
4	13	50	-0.577350269189626
3	1	51	0.999999999999999
3	2	52	0.894427190999915
4	1	52	0.447213595499958
3	3	53	0.774596669241483
4	2	53	0.632455532033676
3	4	54	0.632455532033676
4	3	54	0.774596669241483
3	5	55	0.447213595499958
4	4	55	0.894427190999916
4	5	56	1.000000000000000
3	6	57	1.000000000000000
3	7	58	0.866025403784439
4	6	58	0.500000000000000
3	8	59	0.707106781186548
4	7	59	0.707106781186548
3	9	60	0.500000000000000
4	8	60	0.866025403784439
4	9	61	1.000000000000000
3	10	62	1.000000000000000
3	11	63	0.816496580927727
4	10	63	0.577350269189626
3	12	64	0.577350269189627
4	11	64	0.816496580927726
4	12	65	1.000000000000001
3	13	66	1.000000000000001
3	14	67	0.707106781186549
4	13	67	0.707106781186548
4	14	68	1.000000000000002
3	15	69	1.000000000000001
4	15	70	1.000000000000002
2	16	71	0.836660026534075
5	6	71	0.292770021884560
6	2	71	-0.207019667802706
7	1	71	0.414039335605413
2	17	72	0.836660026534075
5	7	72	0.292770021884560
6	3	72	-0.292770021884560
7	2	72	0.358568582800318
2	18	73	0.836660026534075
5	8	73	0.292770021884559
6	4	73	-0.358568582800318
7	3	73	0.292770021884560
2	19	74	0.836660026534074
5	9	74	0.292770021884559
6	5	74	-0.414039335605412
7	4	74	0.207019667802706
2	20	75	0.748331477354788
3	17	75	0.187082869338697
4	16	75	-0.324037034920393
5	10	75	0.370328039909020
6	7	75	-0.138873014965883
7	6	75	0.240535117721182
8	3	75	-0.092582009977255
9	2	75	0.160356745147454
10	1	75	-0.226778683805536
2	21	76	0.748331477354787
3	18	76	0.264575131106459
4	17	76	-0.264575131106459
5	11	76	0.370328039909020
6	8	76	-0.196396101212393
7	7	76	0.196396101212393
8	4	76	-0.160356745147455
9	3	76	0.185164019954510
10	2	76	-0.160356745147455
2	22	77	0.748331477354788
3	19	77	0.324037034920393
4	18	77	-0.187082869338697
5	12	77	0.370328039909020
6	9	77	-0.240535117721182
7	8	77	0.138873014965883
8	5	77	-0.226778683805536
9	4	77	0.160356745147455
10	3	77	-0.092582009977255
2	23	78	0.648074069840785
3	21	78	0.305505046330389
4	20	78	-0.432049379893857
5	13	78	0.392792202424786
6	11	78	-0.053452248382485
7	10	78	0.075592894601845
8	8	78	-0.151185789203691
9	7	78	0.213808993529939
10	6	78	-0.261861468283191
2	24	79	0.648074069840786
3	22	79	0.432049379893857
4	21	79	-0.305505046330389
5	14	79	0.392792202424786
6	12	79	-0.075592894601845
7	11	79	0.053452248382485
8	9	79	-0.261861468283191
9	8	79	0.213808993529939
10	7	79	-0.151185789203691
2	25	80	0.529150262212919
3	24	80	0.458257569495583
4	23	80	-0.458257569495584
5	15	80	0.370328039909021
6	14	80	0.065465367070798
7	13	80	-0.065465367070798
8	12	80	-0.226778683805536
9	11	80	0.226778683805536
10	10	80	-0.226778683805536
3	16	81	0.836660026534075
6	6	81	0.207019667802707
8	2	81	-0.292770021884559
9	1	81	0.414039335605413
3	17	82	0.724568837309472
4	16	82	0.418330013267038
6	7	82	0.179284291400160
7	6	82	0.103509833901353
8	3	82	-0.358568582800318
9	2	82	0.207019667802706
10	1	82	0.292770021884560
3	18	83	0.591607978309962
4	17	83	0.591607978309962
6	8	83	0.146385010942280
7	7	83	0.146385010942280
8	4	83	-0.358568582800318
10	2	83	0.358568582800318
3	19	84	0.418330013267038
4	18	84	0.724568837309472
6	9	84	0.103509833901354
7	8	84	0.179284291400159
8	5	84	-0.292770021884560
9	4	84	-0.207019667802706
10	3	84	0.358568582800318
4	19	85	0.836660026534075
7	9	85	0.207019667802706
9	5	85	-0.414039335605412
10	4	85	0.292770021884560
3	20	86	0.836660026534076
6	10	86	0.292770021884561
8	7	86	-0.292770021884559
9	6	86	0.358568582800318
3	21	87	0.683130051063974
4	20	87	0.483045891539648
6	11	87	0.239045721866880
7	10	87	0.169030850945704
8	8	87	-0.338061701891406
9	7	87	0.119522860933440
10	6	87	0.292770021884560
3	22	88	0.483045891539648
4	21	88	0.683130051063973
6	12	88	0.169030850945705
7	11	88	0.239045721866879
8	9	88	-0.292770021884559
9	8	88	-0.119522860933439
10	7	88	0.338061701891407
4	22	89	0.836660026534076
7	12	89	0.292770021884561
9	9	89	-0.358568582800318
10	8	89	0.292770021884560
3	23	90	0.836660026534076
6	13	90	0.358568582800319
8	11	90	-0.292770021884559
9	10	90	0.292770021884560
3	24	91	0.591607978309963
4	23	91	0.591607978309962
6	14	91	0.253546276418556
7	13	91	0.253546276418556
8	12	91	-0.292770021884559
10	10	91	0.292770021884560
4	24	92	0.836660026534077
7	14	92	0.358568582800320
9	12	92	-0.292770021884559
10	11	92	0.292770021884560
3	25	93	0.836660026534076
6	15	93	0.414039335605414
8	14	93	-0.292770021884559
9	13	93	0.207019667802707
4	25	94	0.836660026534077
7	15	94	0.414039335605414
9	14	94	-0.207019667802705
10	13	94	0.292770021884560
2	26	95	0.683130051063973
5	20	95	0.394405318873308
6	17	95	-0.278886675511358
7	16	95	0.483045891539647
11	10	95	0.097590007294854
12	7	95	-0.079681907288959
13	6	95	0.138013111868471
14	3	95	0.056343616981901
15	2	95	-0.097590007294853
16	1	95	0.138013111868471
2	27	96	0.683130051063973
5	21	96	0.394405318873307
6	18	96	-0.394405318873307
7	17	96	0.394405318873308
11	11	96	0.097590007294854
12	8	96	-0.112687233963802
13	7	96	0.112687233963802
14	4	96	0.097590007294853
15	3	96	-0.112687233963802
16	2	96	0.097590007294853
2	28	97	0.683130051063973
5	22	97	0.394405318873307
6	19	97	-0.483045891539648
7	18	97	0.278886675511358
11	12	97	0.097590007294853
12	9	97	-0.138013111868471
13	8	97	0.079681907288959
14	5	97	0.138013111868471
15	4	97	-0.097590007294853
16	3	97	0.056343616981901
2	29	98	0.591607978309961
3	27	98	0.197202659436654
4	26	98	-0.278886675511358
5	23	98	0.483045891539648
6	21	98	-0.161015297179883
7	20	98	0.227710017021325
8	18	98	-0.161015297179883
9	17	98	0.227710017021324
10	16	98	-0.278886675511359
11	13	98	0.146385010942280
12	11	98	-0.081325006079044
13	10	98	0.115010926557059
14	8	98	0.016265001215809
15	7	98	-0.023002185311412
16	6	98	0.028171808490951
17	4	98	0.048795003647427
18	3	98	-0.069006555934235
19	2	98	0.084515425472852
20	1	98	-0.097590007294853
2	30	99	0.591607978309961
3	28	99	0.278886675511358
4	27	99	-0.197202659436654
5	24	99	0.483045891539648
6	22	99	-0.227710017021325
7	21	99	0.161015297179883
8	19	99	-0.278886675511359
9	18	99	0.227710017021325
10	17	99	-0.161015297179883
11	14	99	0.146385010942280
12	12	99	-0.115010926557059
13	11	99	0.081325006079044
14	9	99	0.028171808490950
15	8	99	-0.023002185311412
16	7	99	0.016265001215809
17	5	99	0.097590007294853
18	4	99	-0.084515425472852
19	3	99	0.069006555934235
20	2	99	-0.048795003647427
2	31	100	0.483045891539648
3	30	100	0.341565025531986
4	29	100	-0.341565025531987
5	25	100	0.483045891539649
8	22	100	-0.278886675511359
9	21	100	0.278886675511359
10	20	100	-0.278886675511359
11	15	100	0.169030850945704
12	14	100	-0.048795003647426
13	13	100	0.048795003647426
14	12	100	-0.039840953644480
15	11	100	0.039840953644480
16	10	100	-0.039840953644480
17	9	100	0.084515425472852
18	8	100	-0.084515425472852
19	7	100	0.084515425472852
20	6	100	-0.084515425472852
3	26	101	0.683130051063973
6	20	101	0.278886675511359
8	17	101	-0.394405318873307
9	16	101	0.483045891539648
12	10	101	0.056343616981902
14	7	101	-0.079681907288958
15	6	101	0.097590007294853
17	3	101	0.097590007294854
18	2	101	-0.138013111868471
19	1	101	0.138013111868471
3	27	102	0.557773351022717
4	26	102	0.394405318873307
6	21	102	0.227710017021325
7	20	102	0.161015297179883
8	18	102	-0.455420034042648
9	17	102	0.161015297179883
10	16	102	0.394405318873308
12	11	102	0.046004370622825
13	10	102	0.032530002431618
14	8	102	-0.092008741245646
15	7	102	0.032530002431618
16	6	102	0.079681907288959
17	4	102	0.138013111868471
18	3	102	-0.097590007294853
20	1	102	0.138013111868471
3	28	103	0.394405318873308
4	27	103	0.557773351022717
6	22	103	0.161015297179884
7	21	103	0.227710017021325
8	19	103	-0.394405318873307
9	18	103	-0.161015297179883
10	17	103	0.455420034042649
12	12	103	0.032530002431619
13	11	103	0.046004370622824
14	9	103	-0.079681907288959
15	8	103	-0.032530002431617
16	7	103	0.092008741245647
17	5	103	0.138013111868471
19	3	103	-0.097590007294853
20	2	103	0.138013111868471
4	28	104	0.683130051063973
7	22	104	0.278886675511359
9	19	104	-0.483045891539648
10	18	104	0.394405318873308
13	12	104	0.056343616981902
15	9	104	-0.097590007294853
16	8	104	0.079681907288960
18	5	104	0.138013111868471
19	4	104	-0.138013111868471
20	3	104	0.097590007294853
3	29	105	0.683130051063973
6	23	105	0.394405318873309
8	21	105	-0.394405318873307
9	20	105	0.394405318873308
12	13	105	0.097590007294854
14	11	105	-0.112687233963801
15	10	105	0.112687233963803
17	8	105	0.097590007294854
18	7	105	-0.112687233963802
19	6	105	0.097590007294853
3	30	106	0.483045891539648
4	29	106	0.483045891539648
6	24	106	0.278886675511360
7	23	106	0.278886675511359
8	22	106	-0.394405318873307
10	20	106	0.394405318873308
12	14	106	0.069006555934236
13	13	106	0.069006555934236
14	12	106	-0.112687233963801
16	10	106	0.112687233963802
17	9	106	0.119522860933439
18	8	106	-0.039840953644480
19	7	106	-0.039840953644480
20	6	106	0.119522860933439
4	30	107	0.683130051063974
7	24	107	0.394405318873310
9	22	107	-0.394405318873307
10	21	107	0.394405318873308
13	14	107	0.097590007294855
15	12	107	-0.112687233963801
16	11	107	0.112687233963802
18	9	107	0.097590007294853
19	8	107	-0.112687233963802
20	7	107	0.097590007294853
3	31	108	0.683130051063974
6	25	108	0.483045891539649
8	24	108	-0.394405318873307
9	23	108	0.278886675511359
12	15	108	0.138013111868472
14	14	108	-0.138013111868470
15	13	108	0.097590007294854
17	12	108	0.097590007294853
18	11	108	-0.079681907288959
19	10	108	0.056343616981901
4	31	109	0.683130051063974
7	25	109	0.483045891539650
9	24	109	-0.278886675511357
10	23	109	0.394405318873308
13	15	109	0.138013111868472
15	14	109	-0.097590007294852
16	13	109	0.138013111868471
18	12	109	0.056343616981901
19	11	109	-0.079681907288960
20	10	109	0.097590007294853
2	32	110	0.540061724867321
5	29	110	0.458257569495584
6	27	110	-0.324037034920392
7	26	110	0.458257569495584
11	23	110	0.187082869338697
12	21	110	-0.152752523165194
13	20	110	0.216024689946929
14	18	110	0.108012344973465
15	17	110	-0.152752523165194
16	16	110	0.187082869338697
21	13	110	0.030860669992418
22	11	110	-0.026726124191242
23	10	110	0.037796447300923
24	8	110	0.021821789023600
25	7	110	-0.030860669992418
26	6	110	0.037796447300923
27	4	110	-0.015430334996209
28	3	110	0.021821789023599
29	2	110	-0.026726124191242
30	1	110	0.030860669992418
2	33	111	0.540061724867322
5	30	111	0.458257569495584
6	28	111	-0.458257569495584
7	27	111	0.324037034920393
11	24	111	0.187082869338698
12	22	111	-0.216024689946928
13	21	111	0.152752523165195
14	19	111	0.187082869338697
15	18	111	-0.152752523165195
16	17	111	0.108012344973464
21	14	111	0.030860669992419
22	12	111	-0.037796447300922
23	11	111	0.026726124191242
24	9	111	0.037796447300923
25	8	111	-0.030860669992418
26	7	111	0.021821789023599
27	5	111	-0.030860669992418
28	4	111	0.026726124191242
29	3	111	-0.021821789023599
30	2	111	0.015430334996209
2	34	112	0.440958551844098
3	33	112	0.220479275922049
4	32	112	-0.220479275922049
5	31	112	0.529150262212918
6	30	112	-0.132287565553229
7	29	112	0.132287565553229
8	28	112	-0.264575131106459
9	27	112	0.264575131106459
10	26	112	-0.264575131106459
11	25	112	0.264575131106460
12	24	112	-0.132287565553228
13	23	112	0.132287565553230
17	19	112	0.132287565553230
18	18	112	-0.132287565553230
19	17	112	0.132287565553229
20	16	112	-0.132287565553230
21	15	112	0.050395263067897
22	14	112	-0.031497039417435
23	13	112	0.031497039417436
24	12	112	0.012598815766974
25	11	112	-0.012598815766974
26	10	112	0.012598815766974
27	9	112	0.006299407883487
28	8	112	-0.006299407883487
29	7	112	0.006299407883487
30	6	112	-0.006299407883487
31	5	112	-0.025197631533948
32	4	112	0.025197631533948
33	3	112	-0.025197631533948
34	2	112	0.025197631533948
35	1	112	-0.025197631533948
3	32	113	0.540061724867321
6	29	113	0.324037034920393
8	27	113	-0.458257569495583
9	26	113	0.458257569495584
12	23	113	0.108012344973465
14	21	113	-0.152752523165194
15	20	113	0.152752523165195
17	18	113	0.187082869338697
18	17	113	-0.216024689946928
19	16	113	0.187082869338697
22	13	113	0.015430334996209
24	11	113	-0.021821789023599
25	10	113	0.021821789023600
27	8	113	0.026726124191243
28	7	113	-0.030860669992418
29	6	113	0.026726124191243
31	4	113	-0.030860669992418
32	3	113	0.037796447300923
33	2	113	-0.037796447300923
34	1	113	0.030860669992418
3	33	114	0.381881307912987
4	32	114	0.381881307912986
6	30	114	0.229128784747793
7	29	114	0.229128784747793
8	28	114	-0.458257569495583
10	26	114	0.458257569495584
12	24	114	0.076376261582599
13	23	114	0.076376261582598
14	22	114	-0.152752523165194
16	20	114	0.152752523165195
17	19	114	0.229128784747792
18	18	114	-0.076376261582597
19	17	114	-0.076376261582597
20	16	114	0.229128784747792
22	14	114	0.010910894511800
23	13	114	0.010910894511800
24	12	114	-0.021821789023599
26	10	114	0.021821789023600
27	9	114	0.032732683535399
28	8	114	-0.010910894511799
29	7	114	-0.010910894511799
30	6	114	0.032732683535399
31	5	114	-0.043643578047198
32	4	114	0.021821789023599
34	2	114	-0.021821789023599
35	1	114	0.043643578047198
4	33	115	0.540061724867322
7	30	115	0.324037034920394
9	28	115	-0.458257569495584
10	27	115	0.458257569495584
13	24	115	0.108012344973466
15	22	115	-0.152752523165194
16	21	115	0.152752523165195
18	19	115	0.187082869338697
19	18	115	-0.216024689946928
20	17	115	0.187082869338697
23	14	115	0.015430334996210
25	12	115	-0.021821789023598
26	11	115	0.021821789023600
28	9	115	0.026726124191243
29	8	115	-0.030860669992418
30	7	115	0.026726124191242
32	5	115	-0.030860669992418
33	4	115	0.037796447300923
34	3	115	-0.037796447300923
35	2	115	0.030860669992418
3	34	116	0.540061724867322
6	31	116	0.458257569495585
8	30	116	-0.458257569495583
9	29	116	0.324037034920393
12	25	116	0.187082869338698
14	24	116	-0.216024689946928
15	23	116	0.152752523165195
17	22	116	0.187082869338697
18	21	116	-0.152752523165195
19	20	116	0.108012344973464
22	15	116	0.030860669992419
24	14	116	-0.037796447300922
25	13	116	0.026726124191243
27	12	116	0.037796447300923
28	11	116	-0.030860669992418
29	10	116	0.021821789023599
31	9	116	-0.030860669992418
32	8	116	0.026726124191242
33	7	116	-0.021821789023599
34	6	116	0.015430334996209
4	34	117	0.540061724867322
7	31	117	0.458257569495586
9	30	117	-0.324037034920392
10	29	117	0.458257569495584
13	25	117	0.187082869338699
15	24	117	-0.152752523165193
16	23	117	0.216024689946929
18	22	117	0.108012344973464
19	21	117	-0.152752523165195
20	20	117	0.187082869338697
23	15	117	0.030860669992419
25	14	117	-0.026726124191242
26	13	117	0.037796447300923
28	12	117	0.021821789023599
29	11	117	-0.030860669992418
30	10	117	0.037796447300923
32	9	117	-0.015430334996209
33	8	117	0.021821789023599
34	7	117	-0.026726124191242
35	6	117	0.030860669992418
2	35	118	0.408248290463863
5	34	118	0.500000000000000
6	33	118	-0.353553390593273
7	32	118	0.353553390593274
11	31	118	0.300000000000000
12	30	118	-0.244948974278317
13	29	118	0.244948974278318
14	28	118	0.173205080756888
15	27	118	-0.173205080756888
16	26	118	0.173205080756888
21	25	118	0.081649658092773
22	24	118	-0.070710678118654
23	23	118	0.070710678118655
24	22	118	0.057735026918963
25	21	118	-0.057735026918962
26	20	118	0.057735026918963
27	19	118	-0.040824829046386
28	18	118	0.040824829046386
29	17	118	-0.040824829046386
30	16	118	0.040824829046386
3	35	119	0.408248290463863
6	34	119	0.353553390593274
8	33	119	-0.500000000000000
9	32	119	0.353553390593274
12	31	119	0.173205080756888
14	30	119	-0.244948974278317
15	29	119	0.173205080756888
17	28	119	0.300000000000000
18	27	119	-0.244948974278318
19	26	119	0.173205080756888
22	25	119	0.040824829046387
24	24	119	-0.057735026918962
25	23	119	0.040824829046387
27	22	119	0.070710678118655
28	21	119	-0.057735026918962
29	20	119	0.040824829046386
31	19	119	-0.081649658092773
32	18	119	0.070710678118655
33	17	119	-0.057735026918962
34	16	119	0.040824829046386
4	35	120	0.408248290463863
7	34	120	0.353553390593275
9	33	120	-0.353553390593273
10	32	120	0.500000000000000
13	31	120	0.173205080756890
15	30	120	-0.173205080756886
16	29	120	0.244948974278318
18	28	120	0.173205080756888
19	27	120	-0.244948974278318
20	26	120	0.300000000000000
23	25	120	0.040824829046387
25	24	120	-0.040824829046385
26	23	120	0.057735026918963
28	22	120	0.040824829046386
29	21	120	-0.057735026918962
30	20	120	0.070710678118655
32	19	120	-0.040824829046386
33	18	120	0.057735026918963
34	17	120	-0.070710678118655
35	16	120	0.081649658092773
5	1	121	0.999999999999999
5	2	122	1.000000000000000
5	3	123	1.000000000000000
5	4	124	1.000000000000000
5	5	125	1.000000000000000
5	6	126	0.845154254728516
6	2	126	0.239045721866878
7	1	126	-0.478091443733757
5	7	127	0.845154254728516
6	3	127	0.338061701891406
7	2	127	-0.414039335605412
5	8	128	0.845154254728516
6	4	128	0.414039335605412
7	3	128	-0.338061701891406
5	9	129	0.845154254728516
6	5	129	0.478091443733757
7	4	129	-0.239045721866879
5	10	130	0.690065559342353
6	7	130	0.345032779671177
7	6	130	-0.597614304667196
8	3	130	0.069006555934235
9	2	130	-0.119522860933439
10	1	130	0.169030850945703
5	11	131	0.690065559342354
6	8	131	0.487950036474266
7	7	131	-0.487950036474266
8	4	131	0.119522860933439
9	3	131	-0.138013111868471
10	2	131	0.119522860933439
5	12	132	0.690065559342354
6	9	132	0.597614304667196
7	8	132	-0.345032779671177
8	5	132	0.169030850945703
9	4	132	-0.119522860933439
10	3	132	0.069006555934235
5	13	133	0.534522483824848
6	11	133	0.436435780471985
7	10	133	-0.617213399848367
8	8	133	0.154303349962092
9	7	133	-0.218217890235992
10	6	133	0.267261241912424
5	14	134	0.534522483824848
6	12	134	0.617213399848367
7	11	134	-0.436435780471984
8	9	134	0.267261241912424
9	8	134	-0.218217890235992
10	7	134	0.154303349962092
5	15	135	0.377964473009226
6	14	135	0.534522483824848
7	13	135	-0.534522483824848
8	12	135	0.308606699924184
9	11	135	-0.308606699924184
10	10	135	0.308606699924184
6	1	136	1.000000000000000
6	2	137	0.894427190999916
7	1	137	0.447213595499958
6	3	138	0.774596669241483
7	2	138	0.632455532033676
6	4	139	0.632455532033675
7	3	139	0.774596669241483
6	5	140	0.447213595499958
7	4	140	0.894427190999915
7	5	141	1.000000000000000
6	6	142	0.925820099772551
8	2	142	0.218217890235992
9	1	142	-0.308606699924184
6	7	143	0.801783725737273
7	6	143	0.462910049886275
8	3	143	0.267261241912424
9	2	143	-0.154303349962092
10	1	143	-0.218217890235992
6	8	144	0.654653670707976
7	7	144	0.654653670707977
8	4	144	0.267261241912424
10	2	144	-0.267261241912424
6	9	145	0.462910049886275
7	8	145	0.801783725737272
8	5	145	0.218217890235992
9	4	145	0.154303349962092
10	3	145	-0.267261241912424
7	9	146	0.925820099772550
9	5	146	0.308606699924184
10	4	146	-0.218217890235992
6	10	147	0.845154254728516
8	7	147	0.338061701891406
9	6	147	-0.414039335605412
6	11	148	0.690065559342353
7	10	148	0.487950036474266
8	8	148	0.390360029179413
9	7	148	-0.138013111868471
10	6	148	-0.338061701891406
6	12	149	0.487950036474265
7	11	149	0.690065559342353
8	9	149	0.338061701891406
9	8	149	0.138013111868471
10	7	149	-0.390360029179413
7	12	150	0.845154254728514
9	9	150	0.414039335605412
10	8	150	-0.338061701891407
6	13	151	0.755928946018453
8	11	151	0.462910049886275
9	10	151	-0.462910049886276
6	14	152	0.534522483824847
7	13	152	0.534522483824847
8	12	152	0.462910049886275
10	10	152	-0.462910049886276
7	14	153	0.755928946018452
9	12	153	0.462910049886275
10	11	153	-0.462910049886276
6	15	154	0.654653670707976
8	14	154	0.617213399848367
9	13	154	-0.436435780471985
7	15	155	0.654653670707975
9	14	155	0.436435780471984
10	13	155	-0.617213399848368
8	1	156	1.000000000000000
8	2	157	0.816496580927726
9	1	157	0.577350269189626
8	3	158	0.632455532033676
9	2	158	0.730296743340222
10	1	158	0.258198889747161
8	4	159	0.447213595499958
9	3	159	0.774596669241484
10	2	159	0.447213595499958
8	5	160	0.258198889747161
9	4	160	0.730296743340222
10	3	160	0.632455532033676
9	5	161	0.577350269189626
10	4	161	0.816496580927726
10	5	162	1.000000000000001
8	6	163	1.000000000000000
8	7	164	0.774596669241484
9	6	164	0.632455532033675
8	8	165	0.547722557505167
9	7	165	0.774596669241484
10	6	165	0.316227766016838
8	9	166	0.316227766016839
9	8	166	0.774596669241484
10	7	166	0.547722557505166
9	9	167	0.632455532033677
10	8	167	0.774596669241484
10	9	168	1.000000000000001
8	10	169	1.000000000000001
8	11	170	0.707106781186548
9	10	170	0.707106781186548
8	12	171	0.408248290463864
9	11	171	0.816496580927727
10	10	171	0.408248290463863
9	12	172	0.707106781186549
10	11	172	0.707106781186548
10	12	173	1.000000000000001
8	13	174	1.000000000000001
8	14	175	0.577350269189627
9	13	175	0.816496580927727
9	14	176	0.816496580927727
10	13	176	0.577350269189626
10	14	177	1.000000000000001
8	15	178	1.000000000000000
9	15	179	1.000000000000000
10	15	180	1.000000000000002
5	16	181	0.894427190999915
11	6	181	0.273861278752583
12	2	181	-0.158113883008419
13	1	181	0.316227766016838
5	17	182	0.894427190999915
11	7	182	0.273861278752583
12	3	182	-0.223606797749979
13	2	182	0.273861278752583
5	18	183	0.894427190999916
11	8	183	0.273861278752583
12	4	183	-0.273861278752583
13	3	183	0.223606797749979
5	19	184	0.894427190999915
11	9	184	0.273861278752583
12	5	184	-0.316227766016838
13	4	184	0.158113883008419
5	20	185	0.730296743340221
6	17	185	0.258198889747161
7	16	185	-0.447213595499958
11	10	185	0.316227766016837
12	7	185	-0.064549722436790
13	6	185	0.111803398874990
14	3	185	-0.091287092917528
15	2	185	0.158113883008419
16	1	185	-0.223606797749979
5	21	186	0.730296743340221
6	18	186	0.365148371670110
7	17	186	-0.365148371670111
11	11	186	0.316227766016837
12	8	186	-0.091287092917528
13	7	186	0.091287092917528
14	4	186	-0.158113883008419
15	3	186	0.182574185835055
16	2	186	-0.158113883008419
5	22	187	0.730296743340221
6	19	187	0.447213595499958
7	18	187	-0.258198889747161
11	12	187	0.316227766016837
12	9	187	-0.111803398874990
13	8	187	0.064549722436790
14	5	187	-0.223606797749979
15	4	187	0.158113883008419
16	3	187	-0.091287092917528
5	23	188	0.565685424949237
6	21	188	0.377123616632825
7	20	188	-0.533333333333333
8	18	188	0.094280904158206
9	17	188	-0.133333333333333
10	16	188	0.163299316185545
11	13	188	0.299999999999999
12	11	188	0.033333333333333
13	10	188	-0.047140452079103
14	8	188	-0.116666666666667
15	7	188	0.164991582276861
16	6	188	-0.202072594216369
17	4	188	-0.050000000000000
18	3	188	0.070710678118655
19	2	188	-0.086602540378444
20	1	188	0.100000000000000
5	24	189	0.565685424949237
6	22	189	0.533333333333333
7	21	189	-0.377123616632825
8	19	189	0.163299316185545
9	18	189	-0.133333333333333
10	17	189	0.094280904158206
11	14	189	0.299999999999999
12	12	189	0.047140452079103
13	11	189	-0.033333333333333
14	9	189	-0.202072594216369
15	8	189	0.164991582276861
16	7	189	-0.116666666666667
17	5	189	-0.100000000000000
18	4	189	0.086602540378444
19	3	189	-0.070710678118655
20	2	189	0.050000000000000
5	25	190	0.399999999999999
6	24	190	0.489897948556635
7	23	190	-0.489897948556635
8	22	190	0.230940107675850
9	21	190	-0.230940107675850
10	20	190	0.230940107675850
11	15	190	0.244948974278317
12	14	190	0.141421356237309
13	13	190	-0.141421356237309
14	12	190	-0.115470053837925
15	11	190	0.115470053837925
16	10	190	-0.115470053837925
17	9	190	-0.122474487139159
18	8	190	0.122474487139159
19	7	190	-0.122474487139159
20	6	190	0.122474487139159
6	16	191	0.894427190999916
12	6	191	0.223606797749979
14	2	191	-0.223606797749978
15	1	191	0.316227766016838
6	17	192	0.774596669241483
7	16	192	0.447213595499958
12	7	192	0.193649167310371
13	6	192	0.111803398874989
14	3	192	-0.273861278752583
15	2	192	0.158113883008419
16	1	192	0.223606797749979
6	18	193	0.632455532033676
7	17	193	0.632455532033676
12	8	193	0.158113883008418
13	7	193	0.158113883008419
14	4	193	-0.273861278752583
16	2	193	0.273861278752583
6	19	194	0.447213595499957
7	18	194	0.774596669241483
12	9	194	0.111803398874989
13	8	194	0.193649167310370
14	5	194	-0.223606797749979
15	4	194	-0.158113883008419
16	3	194	0.273861278752583
7	19	195	0.894427190999915
13	9	195	0.223606797749978
15	5	195	-0.316227766016838
16	4	195	0.223606797749979
6	20	196	0.816496580927726
8	17	196	0.230940107675850
9	16	196	-0.282842712474619
12	10	196	0.288675134594813
14	7	196	-0.163299316185545
15	6	196	0.200000000000000
17	3	196	-0.100000000000000
18	2	196	0.141421356237309
19	1	196	-0.141421356237310
6	21	197	0.666666666666666
7	20	197	0.471404520791031
8	18	197	0.266666666666666
9	17	197	-0.094280904158206
10	16	197	-0.230940107675850
12	11	197	0.235702260395515
13	10	197	0.166666666666666
14	8	197	-0.188561808316413
15	7	197	0.066666666666667
16	6	197	0.163299316185545
17	4	197	-0.141421356237309
18	3	197	0.100000000000000
20	1	197	-0.141421356237310
6	22	198	0.471404520791031
7	21	198	0.666666666666666
8	19	198	0.230940107675850
9	18	198	0.094280904158206
10	17	198	-0.266666666666667
12	12	198	0.166666666666666
13	11	198	0.235702260395515
14	9	198	-0.163299316185545
15	8	198	-0.066666666666667
16	7	198	0.188561808316413
17	5	198	-0.141421356237310
19	3	198	0.100000000000000
20	2	198	-0.141421356237310
7	22	199	0.816496580927724
9	19	199	0.282842712474619
10	18	199	-0.230940107675850
13	12	199	0.288675134594811
15	9	199	-0.200000000000000
16	8	199	0.163299316185545
18	5	199	-0.141421356237310
19	4	199	0.141421356237309
20	3	199	-0.100000000000000
6	23	200	0.730296743340221
8	21	200	0.365148371670110
9	20	200	-0.365148371670111
12	13	200	0.316227766016837
14	11	200	-0.091287092917528
15	10	200	0.091287092917528
17	8	200	-0.158113883008419
18	7	200	0.182574185835055
19	6	200	-0.158113883008419
6	24	201	0.516397779494321
7	23	201	0.516397779494321
8	22	201	0.365148371670110
10	20	201	-0.365148371670111
12	14	201	0.223606797749978
13	13	201	0.223606797749978
14	12	201	-0.091287092917528
16	10	201	0.091287092917527
17	9	201	-0.193649167310371
18	8	201	0.064549722436790
19	7	201	0.064549722436790
20	6	201	-0.193649167310371
7	24	202	0.730296743340219
9	22	202	0.365148371670110
10	21	202	-0.365148371670111
13	14	202	0.316227766016836
15	12	202	-0.091287092917528
16	11	202	0.091287092917528
18	9	202	-0.158113883008419
19	8	202	0.182574185835055
20	7	202	-0.158113883008419
6	25	203	0.632455532033675
8	24	203	0.516397779494322
9	23	203	-0.365148371670112
12	15	203	0.316227766016837
17	12	203	-0.223606797749979
18	11	203	0.182574185835055
19	10	203	-0.129099444873581
7	25	204	0.632455532033673
9	24	204	0.365148371670109
10	23	204	-0.516397779494322
13	15	204	0.316227766016837
18	12	204	-0.129099444873580
19	11	204	0.182574185835055
20	10	204	-0.223606797749979
8	16	205	0.894427190999916
14	6	205	0.158113883008419
17	2	205	-0.273861278752582
18	1	205	0.316227766016838
8	17	206	0.692820323027551
9	16	206	0.565685424949238
14	7	206	0.122474487139159
15	6	206	0.100000000000000
17	3	206	-0.299999999999999
18	2	206	0.070710678118655
19	1	206	0.282842712474619
8	18	207	0.489897948556636
9	17	207	0.692820323027551
10	16	207	0.282842712474619
14	8	207	0.086602540378444
15	7	207	0.122474487139159
16	6	207	0.050000000000000
17	4	207	-0.259807621135331
18	3	207	-0.122474487139159
19	2	207	0.250000000000000
20	1	207	0.173205080756888
8	19	208	0.282842712474619
9	18	208	0.692820323027551
10	17	208	0.489897948556635
14	9	208	0.050000000000000
15	8	208	0.122474487139159
16	7	208	0.086602540378444
17	5	208	-0.173205080756888
18	4	208	-0.250000000000000
19	3	208	0.122474487139159
20	2	208	0.259807621135332
9	19	209	0.565685424949238
10	18	209	0.692820323027551
15	9	209	0.100000000000000
16	8	209	0.122474487139159
18	5	209	-0.282842712474619
19	4	209	-0.070710678118655
20	3	209	0.300000000000000
10	19	210	0.894427190999916
16	9	210	0.158113883008419
19	5	210	-0.316227766016838
20	4	210	0.273861278752583
8	20	211	0.894427190999916
14	10	211	0.223606797749980
17	7	211	-0.273861278752582
18	6	211	0.273861278752583
8	21	212	0.632455532033677
9	20	212	0.632455532033676
14	11	212	0.158113883008420
15	10	212	0.158113883008420
17	8	212	-0.273861278752582
19	6	212	0.273861278752583
8	22	213	0.365148371670111
9	21	213	0.730296743340222
10	20	213	0.365148371670111
14	12	213	0.091287092917528
15	11	213	0.182574185835056
16	10	213	0.091287092917528
17	9	213	-0.193649167310371
18	8	213	-0.193649167310370
19	7	213	0.193649167310371
20	6	213	0.193649167310371
9	22	214	0.632455532033677
10	21	214	0.632455532033676
15	12	214	0.158113883008420
16	11	214	0.158113883008419
18	9	214	-0.273861278752583
20	7	214	0.273861278752583
10	22	215	0.894427190999916
16	12	215	0.223606797749979
19	9	215	-0.273861278752583
20	8	215	0.273861278752583
8	23	216	0.894427190999917
14	13	216	0.273861278752584
17	11	216	-0.273861278752583
18	10	216	0.223606797749979
8	24	217	0.516397779494323
9	23	217	0.730296743340222
14	14	217	0.158113883008420
15	13	217	0.223606797749980
17	12	217	-0.223606797749979
18	11	217	-0.091287092917527
19	10	217	0.258198889747161
9	24	218	0.730296743340223
10	23	218	0.516397779494323
15	14	218	0.223606797749980
16	13	218	0.158113883008419
18	12	218	-0.258198889747161
19	11	218	0.091287092917528
20	10	218	0.223606797749979
10	24	219	0.894427190999917
16	14	219	0.273861278752583
19	12	219	-0.223606797749979
20	11	219	0.273861278752583
8	25	220	0.894427190999916
14	15	220	0.316227766016838
17	14	220	-0.273861278752583
18	13	220	0.158113883008419
9	25	221	0.894427190999916
15	15	221	0.316227766016838
18	14	221	-0.223606797749979
19	13	221	0.223606797749979
10	25	222	0.894427190999917
16	15	222	0.316227766016838
19	14	222	-0.158113883008419
20	13	222	0.273861278752583
5	26	223	0.788810637746615
11	20	223	0.390360029179413
12	17	223	-0.225374467927604
13	16	223	0.390360029179413
21	10	223	0.069006555934236
22	7	223	-0.048795003647426
23	6	223	0.084515425472852
24	3	223	0.028171808490951
25	2	223	-0.048795003647427
26	1	223	0.069006555934235
5	27	224	0.788810637746615
11	21	224	0.390360029179413
12	18	224	-0.318727629155838
13	17	224	0.318727629155838
21	11	224	0.069006555934235
22	8	224	-0.069006555934235
23	7	224	0.069006555934235
24	4	224	0.048795003647427
25	3	224	-0.056343616981901
26	2	224	0.048795003647427
5	28	225	0.788810637746615
11	22	225	0.390360029179413
12	19	225	-0.390360029179414
13	18	225	0.225374467927604
21	12	225	0.069006555934235
22	9	225	-0.084515425472852
23	8	225	0.048795003647427
24	5	225	0.069006555934235
25	4	225	-0.048795003647427
26	3	225	0.028171808490951
5	29	226	0.611010092660778
6	27	226	0.288032919929238
7	26	226	-0.407340061773852
11	23	226	0.427617987059878
12	21	226	-0.058191437396265
13	20	226	0.082295119979782
14	18	226	-0.164590239959565
15	17	226	0.232765749585058
16	16	226	-0.285078658039919
21	13	226	0.092582009977255
22	11	226	-0.035634832254990
23	10	226	0.050395263067897
24	8	226	-0.007273929674534
25	7	226	0.010286889997473
26	6	226	-0.012598815766974
27	4	226	0.030860669992418
28	3	226	-0.043643578047199
29	2	226	0.053452248382485
30	1	226	-0.061721339984837
5	30	227	0.611010092660778
6	28	227	0.407340061773852
7	27	227	-0.288032919929238
11	24	227	0.427617987059878
12	22	227	-0.082295119979783
13	21	227	0.058191437396264
14	19	227	-0.285078658039920
15	18	227	0.232765749585059
16	17	227	-0.164590239959565
21	14	227	0.092582009977255
22	12	227	-0.050395263067897
23	11	227	0.035634832254990
24	9	227	-0.012598815766975
25	8	227	0.010286889997473
26	7	227	-0.007273929674533
27	5	227	0.061721339984837
28	4	227	-0.053452248382485
29	3	227	0.043643578047198
30	2	227	-0.030860669992418
5	31	228	0.432049379893857
6	30	228	0.432049379893857
7	29	228	-0.432049379893857
8	28	228	0.144016459964619
9	27	228	-0.144016459964619
10	26	228	0.144016459964619
11	25	228	0.370328039909020
12	24	228	0.123442679969673
13	23	228	-0.123442679969674
14	22	228	-0.205737799949456
15	21	228	0.205737799949456
16	20	228	-0.205737799949456
17	19	228	-0.123442679969674
18	18	228	0.123442679969674
19	17	228	-0.123442679969673
20	16	228	0.123442679969674
21	15	228	0.092582009977255
24	12	228	-0.041147559989891
25	11	228	0.041147559989891
26	10	228	-0.041147559989891
27	9	228	0.030860669992418
28	8	228	-0.030860669992418
29	7	228	0.030860669992418
30	6	228	-0.030860669992418
31	5	228	0.030860669992418
32	4	228	-0.030860669992418
33	3	228	0.030860669992418
34	2	228	-0.030860669992418
35	1	228	0.030860669992418
6	26	229	0.788810637746615
12	20	229	0.318727629155839
14	17	229	-0.318727629155837
15	16	229	0.390360029179413
22	10	229	0.048795003647427
24	7	229	-0.056343616981900
25	6	229	0.069006555934235
27	3	229	0.048795003647427
28	2	229	-0.069006555934235
29	1	229	0.069006555934236
6	27	230	0.644061188719530
7	26	230	0.455420034042649
12	21	230	0.260240019452942
13	20	230	0.184017482491294
14	18	230	-0.368034964982588
15	17	230	0.130120009726471
16	16	230	0.318727629155838
22	11	230	0.039840953644480
23	10	230	0.028171808490951
24	8	230	-0.065060004863235
25	7	230	0.023002185311412
26	6	230	0.056343616981901
27	4	230	0.069006555934236
28	3	230	-0.048795003647427
30	1	230	0.069006555934235
6	28	231	0.455420034042648
7	27	231	0.644061188719530
12	22	231	0.184017482491294
13	21	231	0.260240019452942
14	19	231	-0.318727629155838
15	18	231	-0.130120009726471
16	17	231	0.368034964982589
22	12	231	0.028171808490951
23	11	231	0.039840953644480
24	9	231	-0.056343616981901
25	8	231	-0.023002185311412
26	7	231	0.065060004863235
27	5	231	0.069006555934236
29	3	231	-0.048795003647427
30	2	231	0.069006555934235
7	28	232	0.788810637746614
13	22	232	0.318727629155837
15	19	232	-0.390360029179413
16	18	232	0.318727629155838
23	12	232	0.048795003647426
25	9	232	-0.069006555934235
26	8	232	0.056343616981901
28	5	232	0.069006555934235
29	4	232	-0.069006555934235
30	3	232	0.048795003647427
6	29	233	0.705533682950557
8	27	233	0.249443825784929
9	26	233	-0.249443825784929
12	23	233	0.403162104543175
14	21	233	-0.213808993529939
15	20	233	0.213808993529939
17	18	233	-0.174574312188794
18	17	233	0.201581052271587
19	16	233	-0.174574312188794
22	13	233	0.075592894601845
24	11	233	-0.062360956446232
25	10	233	0.062360956446232
27	8	233	0.021821789023599
28	7	233	-0.025197631533949
29	6	233	0.021821789023599
31	4	233	0.037796447300923
32	3	233	-0.046291004988628
33	2	233	0.046291004988628
34	1	233	-0.037796447300923
6	30	234	0.498887651569858
7	29	234	0.498887651569858
8	28	234	0.249443825784929
10	26	234	-0.249443825784929
12	24	234	0.285078658039919
13	23	234	0.285078658039919
14	22	234	-0.213808993529939
16	20	234	0.213808993529939
17	19	234	-0.213808993529939
18	18	234	0.071269664509980
19	17	234	0.071269664509980
20	16	234	-0.213808993529939
22	14	234	0.053452248382485
23	13	234	0.053452248382485
24	12	234	-0.062360956446232
26	10	234	0.062360956446232
27	9	234	0.026726124191242
28	8	234	-0.008908708063748
29	7	234	-0.008908708063747
30	6	234	0.026726124191242
31	5	234	0.053452248382485
32	4	234	-0.026726124191243
34	2	234	0.026726124191242
35	1	234	-0.053452248382485
7	30	235	0.705533682950556
9	28	235	0.249443825784929
10	27	235	-0.249443825784929
13	24	235	0.403162104543174
15	22	235	-0.213808993529940
16	21	235	0.213808993529939
18	19	235	-0.174574312188794
19	18	235	0.201581052271588
20	17	235	-0.174574312188794
23	14	235	0.075592894601845
25	12	235	-0.062360956446233
26	11	235	0.062360956446232
28	9	235	0.021821789023599
29	8	235	-0.025197631533949
30	7	235	0.021821789023599
32	5	235	0.037796447300923
33	4	235	-0.046291004988628
34	3	235	0.046291004988628
35	2	235	-0.037796447300923
6	31	236	0.611010092660778
8	30	236	0.407340061773852
9	29	236	-0.288032919929239
12	25	236	0.427617987059879
14	24	236	-0.082295119979783
15	23	236	0.058191437396264
17	22	236	-0.285078658039919
18	21	236	0.232765749585058
19	20	236	-0.164590239959565
22	15	236	0.092582009977255
24	14	236	-0.050395263067897
25	13	236	0.035634832254990
27	12	236	-0.012598815766974
28	11	236	0.010286889997473
29	10	236	-0.007273929674533
31	9	236	0.061721339984837
32	8	236	-0.053452248382485
33	7	236	0.043643578047198
34	6	236	-0.030860669992418
7	31	237	0.611010092660777
9	30	237	0.288032919929237
10	29	237	-0.407340061773852
13	25	237	0.427617987059878
15	24	237	-0.058191437396265
16	23	237	0.082295119979782
18	22	237	-0.164590239959565
19	21	237	0.232765749585058
20	20	237	-0.285078658039919
23	15	237	0.092582009977255
25	14	237	-0.035634832254990
26	13	237	0.050395263067897
28	12	237	-0.007273929674533
29	11	237	0.010286889997473
30	10	237	-0.012598815766974
32	9	237	0.030860669992418
33	8	237	-0.043643578047198
34	7	237	0.053452248382485
35	6	237	-0.061721339984837
8	26	238	0.788810637746616
14	20	238	0.225374467927605
17	17	238	-0.390360029179413
18	16	238	0.390360029179414
24	10	238	0.028171808490951
27	7	238	-0.048795003647426
28	6	238	0.048795003647427
31	3	238	0.069006555934236
32	2	238	-0.084515425472851
33	1	238	0.069006555934236
8	27	239	0.557773351022717
9	26	239	0.557773351022717
14	21	239	0.159363814577920
15	20	239	0.159363814577920
17	18	239	-0.390360029179413
19	16	239	0.390360029179414
24	11	239	0.019920476822241
25	10	239	0.019920476822241
27	8	239	-0.048795003647426
29	6	239	0.048795003647427
31	4	239	0.084515425472852
32	3	239	-0.034503277967117
33	2	239	-0.034503277967118
34	1	239	0.084515425472852
8	28	240	0.322030594359765
9	27	240	0.644061188719531
10	26	240	0.322030594359765
14	22	240	0.092008741245648
15	21	240	0.184017482491295
16	20	240	0.092008741245648
17	19	240	-0.276026223736941
18	18	240	-0.276026223736941
19	17	240	0.276026223736942
20	16	240	0.276026223736942
24	12	240	0.011501092655707
25	11	240	0.023002185311413
26	10	240	0.011501092655706
27	9	240	-0.034503277967117
28	8	240	-0.034503277967117
29	7	240	0.034503277967118
30	6	240	0.034503277967118
31	5	240	0.069006555934236
32	4	240	0.034503277967118
33	3	240	-0.069006555934235
34	2	240	0.034503277967118
35	1	240	0.069006555934235
9	28	241	0.557773351022717
10	27	241	0.557773351022717
15	22	241	0.159363814577920
16	21	241	0.159363814577920
18	19	241	-0.390360029179413
20	17	241	0.390360029179413
25	12	241	0.019920476822241
26	11	241	0.019920476822240
28	9	241	-0.048795003647426
30	7	241	0.048795003647427
32	5	241	0.084515425472852
33	4	241	-0.034503277967118
34	3	241	-0.034503277967118
35	2	241	0.084515425472852
10	28	242	0.788810637746616
16	22	242	0.225374467927605
19	19	242	-0.390360029179413
20	18	242	0.390360029179413
26	12	242	0.028171808490951
29	9	242	-0.048795003647426
30	8	242	0.048795003647427
33	5	242	0.069006555934235
34	4	242	-0.084515425472852
35	3	242	0.069006555934235
8	29	243	0.788810637746616
14	23	243	0.318727629155839
17	21	243	-0.390360029179413
18	20	243	0.318727629155839
24	13	243	0.048795003647427
27	11	243	-0.069006555934235
28	10	243	0.056343616981902
31	8	243	0.069006555934235
32	7	243	-0.069006555934235
33	6	243	0.048795003647427
8	30	244	0.455420034042649
9	29	244	0.644061188719531
14	24	244	0.184017482491295
15	23	244	0.260240019452943
17	22	244	-0.318727629155838
18	21	244	-0.130120009726471
19	20	244	0.368034964982589
24	14	244	0.028171808490951
25	13	244	0.039840953644480
27	12	244	-0.056343616981901
28	11	244	-0.023002185311411
29	10	244	0.065060004863236
31	9	244	0.069006555934236
33	7	244	-0.048795003647427
34	6	244	0.069006555934235
9	30	245	0.644061188719532
10	29	245	0.455420034042649
15	24	245	0.260240019452943
16	23	245	0.184017482491295
18	22	245	-0.368034964982589
19	21	245	0.130120009726471
20	20	245	0.318727629155839
25	14	245	0.039840953644480
26	13	245	0.028171808490951
28	12	245	-0.065060004863235
29	11	245	0.023002185311412
30	10	245	0.056343616981901
32	9	245	0.069006555934236
33	8	245	-0.048795003647427
35	6	245	0.069006555934235
10	30	246	0.788810637746616
16	24	246	0.318727629155839
19	22	246	-0.318727629155838
20	21	246	0.390360029179413
26	14	246	0.048795003647427
29	12	246	-0.056343616981901
30	11	246	0.069006555934235
33	9	246	0.048795003647427
34	8	246	-0.069006555934235
35	7	246	0.069006555934235
8	31	247	0.788810637746616
14	25	247	0.390360029179414
17	24	247	-0.390360029179413
18	23	247	0.225374467927605
24	15	247	0.069006555934236
27	14	247	-0.084515425472851
28	13	247	0.048795003647427
31	12	247	0.069006555934235
32	11	247	-0.048795003647427
33	10	247	0.028171808490951
9	31	248	0.788810637746616
15	25	248	0.390360029179414
18	24	248	-0.318727629155838
19	23	248	0.318727629155838
25	15	248	0.069006555934236
28	14	248	-0.069006555934235
29	13	248	0.069006555934235
32	12	248	0.048795003647427
33	11	248	-0.056343616981901
34	10	248	0.048795003647427
10	31	249	0.788810637746616
16	25	249	0.390360029179414
19	24	249	-0.225374467927604
20	23	249	0.390360029179413
26	15	249	0.069006555934236
29	14	249	-0.048795003647426
30	13	249	0.084515425472852
33	12	249	0.028171808490951
34	11	249	-0.048795003647427
35	10	249	0.069006555934235
5	32	250	0.683130051063973
11	29	250	0.483045891539648
12	27	250	-0.278886675511358
13	26	250	0.394405318873308
21	23	250	0.138013111868471
22	21	250	-0.097590007294853
23	20	250	0.138013111868471
24	18	250	0.056343616981902
25	17	250	-0.079681907288959
26	16	250	0.097590007294853
5	33	251	0.683130051063973
11	30	251	0.483045891539647
12	28	251	-0.394405318873308
13	27	251	0.278886675511358
21	24	251	0.138013111868471
22	22	251	-0.138013111868471
23	21	251	0.097590007294853
24	19	251	0.097590007294854
25	18	251	-0.079681907288960
26	17	251	0.056343616981901
5	34	252	0.483045891539648
6	33	252	0.341565025531986
7	32	252	-0.341565025531987
11	31	252	0.483045891539648
14	28	252	-0.278886675511359
15	27	252	0.278886675511358
16	26	252	-0.278886675511358
21	25	252	0.169030850945703
22	24	252	-0.048795003647427
23	23	252	0.048795003647426
24	22	252	-0.039840953644480
25	21	252	0.039840953644479
26	20	252	-0.039840953644480
27	19	252	0.084515425472852
28	18	252	-0.084515425472852
29	17	252	0.084515425472851
30	16	252	-0.084515425472852
6	32	253	0.683130051063973
12	29	253	0.394405318873308
14	27	253	-0.394405318873307
15	26	253	0.394405318873308
22	23	253	0.097590007294854
24	21	253	-0.112687233963801
25	20	253	0.112687233963803
27	18	253	0.097590007294854
28	17	253	-0.112687233963801
29	16	253	0.097590007294853
6	33	254	0.483045891539648
7	32	254	0.483045891539648
12	30	254	0.278886675511359
13	29	254	0.278886675511358
14	28	254	-0.394405318873307
16	26	254	0.394405318873308
22	24	254	0.069006555934236
23	23	254	0.069006555934236
24	22	254	-0.112687233963802
26	20	254	0.112687233963802
27	19	254	0.119522860933440
28	18	254	-0.039840953644479
29	17	254	-0.039840953644479
30	16	254	0.119522860933439
7	33	255	0.683130051063973
13	30	255	0.394405318873307
15	28	255	-0.394405318873308
16	27	255	0.394405318873308
23	24	255	0.097590007294853
25	22	255	-0.112687233963802
26	21	255	0.112687233963802
28	19	255	0.097590007294854
29	18	255	-0.112687233963802
30	17	255	0.097590007294853
6	34	256	0.591607978309962
8	33	256	0.278886675511358
9	32	256	-0.197202659436654
12	31	256	0.483045891539648
14	30	256	-0.227710017021324
15	29	256	0.161015297179882
17	28	256	-0.278886675511359
18	27	256	0.227710017021324
19	26	256	-0.161015297179883
22	25	256	0.146385010942280
24	24	256	-0.115010926557059
25	23	256	0.081325006079044
27	22	256	0.028171808490951
28	21	256	-0.023002185311412
29	20	256	0.016265001215809
31	19	256	0.097590007294853
32	18	256	-0.084515425472852
33	17	256	0.069006555934235
34	16	256	-0.048795003647427
7	34	257	0.591607978309961
9	33	257	0.197202659436654
10	32	257	-0.278886675511358
13	31	257	0.483045891539648
15	30	257	-0.161015297179883
16	29	257	0.227710017021324
18	28	257	-0.161015297179883
19	27	257	0.227710017021324
20	26	257	-0.278886675511358
23	25	257	0.146385010942280
25	24	257	-0.081325006079044
26	23	257	0.115010926557059
28	22	257	0.016265001215809
29	21	257	-0.023002185311412
30	20	257	0.028171808490951
32	19	257	0.048795003647427
33	18	257	-0.069006555934235
34	17	257	0.084515425472852
35	16	257	-0.097590007294853
8	32	258	0.683130051063974
14	29	258	0.278886675511359
17	27	258	-0.483045891539648
18	26	258	0.394405318873308
24	23	258	0.056343616981902
27	21	258	-0.097590007294853
28	20	258	0.079681907288961
31	18	258	0.138013111868471
32	17	258	-0.138013111868471
33	16	258	0.097590007294854
8	33	259	0.394405318873308
9	32	259	0.557773351022717
14	30	259	0.161015297179883
15	29	259	0.227710017021325
17	28	259	-0.394405318873307
18	27	259	-0.161015297179882
19	26	259	0.455420034042649
24	24	259	0.032530002431618
25	23	259	0.046004370622824
27	22	259	-0.079681907288959
28	21	259	-0.032530002431617
29	20	259	0.092008741245648
31	19	259	0.138013111868471
33	17	259	-0.097590007294853
34	16	259	0.138013111868471
9	33	260	0.557773351022717
10	32	260	0.394405318873308
15	30	260	0.227710017021325
16	29	260	0.161015297179883
18	28	260	-0.455420034042649
19	27	260	0.161015297179883
20	26	260	0.394405318873308
25	24	260	0.046004370622824
26	23	260	0.032530002431618
28	22	260	-0.092008741245647
29	21	260	0.032530002431618
30	20	260	0.079681907288960
32	19	260	0.138013111868471
33	18	260	-0.097590007294853
35	16	260	0.138013111868471
10	33	261	0.683130051063973
16	30	261	0.278886675511359
19	28	261	-0.394405318873308
20	27	261	0.483045891539648
26	24	261	0.056343616981902
29	22	261	-0.079681907288959
30	21	261	0.097590007294853
33	19	261	0.097590007294853
34	18	261	-0.138013111868471
35	17	261	0.138013111868471
8	34	262	0.683130051063974
14	31	262	0.394405318873309
17	30	262	-0.483045891539648
18	29	262	0.278886675511359
24	25	262	0.097590007294854
27	24	262	-0.138013111868470
28	23	262	0.079681907288960
31	22	262	0.138013111868471
32	21	262	-0.097590007294853
33	20	262	0.056343616981901
9	34	263	0.683130051063974
15	31	263	0.394405318873308
18	30	263	-0.394405318873307
19	29	263	0.394405318873308
25	25	263	0.097590007294854
28	24	263	-0.112687233963802
29	23	263	0.112687233963802
32	22	263	0.097590007294853
33	21	263	-0.112687233963802
34	20	263	0.097590007294853
10	34	264	0.683130051063974
16	31	264	0.394405318873308
19	30	264	-0.278886675511358
20	29	264	0.483045891539648
26	25	264	0.097590007294853
29	24	264	-0.079681907288959
30	23	264	0.138013111868471
33	22	264	0.056343616981901
34	21	264	-0.097590007294853
35	20	264	0.138013111868471
5	35	265	0.577350269189625
11	34	265	0.565685424949238
12	33	265	-0.326598632371090
13	32	265	0.326598632371090
21	31	265	0.230940107675850
22	30	265	-0.163299316185544
23	29	265	0.163299316185545
24	28	265	0.094280904158207
25	27	265	-0.094280904158206
26	26	265	0.094280904158206
6	35	266	0.577350269189626
12	34	266	0.461880215351701
14	33	266	-0.461880215351700
15	32	266	0.326598632371091
22	31	266	0.163299316185546
24	30	266	-0.188561808316412
25	29	266	0.133333333333334
27	28	266	0.163299316185546
28	27	266	-0.133333333333333
29	26	266	0.094280904158206
7	35	267	0.577350269189626
13	34	267	0.461880215351702
15	33	267	-0.326598632371090
16	32	267	0.461880215351700
23	31	267	0.163299316185546
25	30	267	-0.133333333333332
26	29	267	0.188561808316413
28	28	267	0.094280904158207
29	27	267	-0.133333333333333
30	26	267	0.163299316185545
8	35	268	0.577350269189626
14	34	268	0.326598632371091
17	33	268	-0.565685424949238
18	32	268	0.326598632371090
24	31	268	0.094280904158207
27	30	268	-0.163299316185545
28	29	268	0.094280904158207
31	28	268	0.230940107675850
32	27	268	-0.163299316185545
33	26	268	0.094280904158206
9	35	269	0.577350269189626
15	34	269	0.326598632371091
18	33	269	-0.461880215351700
19	32	269	0.461880215351700
25	31	269	0.094280904158207
28	30	269	-0.133333333333333
29	29	269	0.133333333333333
32	28	269	0.163299316185545
33	27	269	-0.188561808316413
34	26	269	0.163299316185545
10	35	270	0.577350269189626
16	34	270	0.326598632371091
19	33	270	-0.326598632371090
20	32	270	0.565685424949238
26	31	270	0.094280904158206
29	30	270	-0.094280904158206
30	29	270	0.163299316185545
33	28	270	0.094280904158206
34	27	270	-0.163299316185545
35	26	270	0.230940107675850
11	1	271	0.999999999999999
11	2	272	0.999999999999999
11	3	273	1.000000000000000
11	4	274	1.000000000000000
11	5	275	1.000000000000000
11	6	276	0.790569415042094
12	2	276	0.273861278752583
13	1	276	-0.547722557505166
11	7	277	0.790569415042094
12	3	277	0.387298334620741
13	2	277	-0.474341649025257
11	8	278	0.790569415042095
12	4	278	0.474341649025257
13	3	278	-0.387298334620742
11	9	279	0.790569415042095
12	5	279	0.547722557505166
13	4	279	-0.273861278752583
11	10	280	0.597614304667197
12	7	280	0.365962527355700
13	6	280	-0.633865691046387
14	3	280	0.103509833901353
15	2	280	-0.179284291400159
16	1	280	0.253546276418555
11	11	281	0.597614304667197
12	8	281	0.517549169506766
13	7	281	-0.517549169506766
14	4	281	0.179284291400159
15	3	281	-0.207019667802706
16	2	281	0.179284291400159
11	12	282	0.597614304667197
12	9	282	0.633865691046387
13	8	282	-0.365962527355700
14	5	282	0.253546276418555
15	4	282	-0.179284291400159
16	3	282	0.103509833901353
11	13	283	0.422577127364258
12	11	283	0.422577127364259
13	10	283	-0.597614304667197
14	8	283	0.211288563682129
15	7	283	-0.298807152333598
16	6	283	0.365962527355700
17	4	283	0.042257712736426
18	3	283	-0.059761430466720
19	2	283	0.073192505471140
20	1	283	-0.084515425472852
11	14	284	0.422577127364258
12	12	284	0.597614304667197
13	11	284	-0.422577127364258
14	9	284	0.365962527355700
15	8	284	-0.298807152333598
16	7	284	0.211288563682129
17	5	284	0.084515425472852
18	4	284	-0.073192505471140
19	3	284	0.059761430466720
20	2	284	-0.042257712736426
11	15	285	0.267261241912424
12	14	285	0.462910049886276
13	13	285	-0.462910049886276
14	12	285	0.377964473009227
15	11	285	-0.377964473009227
16	10	285	0.377964473009227
17	9	285	0.133630620956212
18	8	285	-0.133630620956212
19	7	285	0.133630620956212
20	6	285	-0.133630620956212
12	1	286	1.000000000000000
12	2	287	0.894427190999915
13	1	287	0.447213595499957
12	3	288	0.774596669241483
13	2	288	0.632455532033676
12	4	289	0.632455532033675
13	3	289	0.774596669241483
12	5	290	0.447213595499958
13	4	290	0.894427190999916
13	5	291	1.000000000000000
12	6	292	0.866025403784438
14	2	292	0.288675134594812
15	1	292	-0.408248290463863
12	7	293	0.750000000000000
13	6	293	0.433012701892219
14	3	293	0.353553390593274
15	2	293	-0.204124145231932
16	1	293	-0.288675134594813
12	8	294	0.612372435695794
13	7	294	0.612372435695795
14	4	294	0.353553390593274
16	2	294	-0.353553390593274
12	9	295	0.433012701892219
13	8	295	0.750000000000000
14	5	295	0.288675134594813
15	4	295	0.204124145231932
16	3	295	-0.353553390593274
13	9	296	0.866025403784439
15	5	296	0.408248290463863
16	4	296	-0.288675134594813
12	10	297	0.731925054711399
14	7	297	0.414039335605412
15	6	297	-0.507092552837110
17	3	297	0.084515425472852
18	2	297	-0.119522860933439
19	1	297	0.119522860933439
12	11	298	0.597614304667196
13	10	298	0.422577127364258
14	8	298	0.478091443733757
15	7	298	-0.169030850945703
16	6	298	-0.414039335605412
17	4	298	0.119522860933439
18	3	298	-0.084515425472852
20	1	298	0.119522860933439
12	12	299	0.422577127364258
13	11	299	0.597614304667197
14	9	299	0.414039335605412
15	8	299	0.169030850945703
16	7	299	-0.478091443733757
17	5	299	0.119522860933439
19	3	299	-0.084515425472852
20	2	299	0.119522860933439
13	12	300	0.731925054711400
15	9	300	0.507092552837110
16	8	300	-0.414039335605412
18	5	300	0.119522860933439
19	4	300	-0.119522860933439
20	3	300	0.084515425472852
12	13	301	0.597614304667197
14	11	301	0.517549169506766
15	10	301	-0.517549169506766
17	8	301	0.179284291400159
18	7	301	-0.207019667802706
19	6	301	0.179284291400159
12	14	302	0.422577127364258
13	13	302	0.422577127364258
14	12	302	0.517549169506765
16	10	302	-0.517549169506765
17	9	302	0.219577516413420
18	8	302	-0.073192505471140
19	7	302	-0.073192505471140
20	6	302	0.219577516413420
13	14	303	0.597614304667197
15	12	303	0.517549169506766
16	11	303	-0.517549169506765
18	9	303	0.179284291400159
19	8	303	-0.207019667802706
20	7	303	0.179284291400159
12	15	304	0.462910049886276
14	14	304	0.617213399848368
15	13	304	-0.436435780471985
17	12	304	0.327326835353989
18	11	304	-0.267261241912424
19	10	304	0.188982236504614
13	15	305	0.462910049886276
15	14	305	0.436435780471985
16	13	305	-0.617213399848367
18	12	305	0.188982236504613
19	11	305	-0.267261241912424
20	10	305	0.327326835353988
14	1	306	1.000000000000000
14	2	307	0.816496580927726
15	1	307	0.577350269189625
14	3	308	0.632455532033676
15	2	308	0.730296743340221
16	1	308	0.258198889747161
14	4	309	0.447213595499958
15	3	309	0.774596669241483
16	2	309	0.447213595499958
14	5	310	0.258198889747161
15	4	310	0.730296743340221
16	3	310	0.632455532033676
15	5	311	0.577350269189626
16	4	311	0.816496580927726
16	5	312	1.000000000000000
14	6	313	0.935414346693485
17	2	313	0.231455024943138
18	1	313	-0.267261241912424
14	7	314	0.724568837309472
15	6	314	0.591607978309961
17	3	314	0.253546276418555
18	2	314	-0.059761430466720
19	1	314	-0.239045721866879
14	8	315	0.512347538297980
15	7	315	0.724568837309472
16	6	315	0.295803989154981
17	4	315	0.219577516413420
18	3	315	0.103509833901353
19	2	315	-0.211288563682129
20	1	315	-0.146385010942280
14	9	316	0.295803989154981
15	8	316	0.724568837309472
16	7	316	0.512347538297980
17	5	316	0.146385010942280
18	4	316	0.211288563682129
19	3	316	-0.103509833901353
20	2	316	-0.219577516413420
15	9	317	0.591607978309961
16	8	317	0.724568837309472
18	5	317	0.239045721866879
19	4	317	0.059761430466720
20	3	317	-0.253546276418555
16	9	318	0.935414346693485
19	5	318	0.267261241912424
20	4	318	-0.231455024943138
14	10	319	0.866025403784438
17	7	319	0.353553390593273
18	6	319	-0.353553390593274
14	11	320	0.612372435695794
15	10	320	0.612372435695794
17	8	320	0.353553390593273
19	6	320	-0.353553390593274
14	12	321	0.353553390593274
15	11	321	0.707106781186547
16	10	321	0.353553390593274
17	9	321	0.250000000000000
18	8	321	0.250000000000000
19	7	321	-0.250000000000000
20	6	321	-0.250000000000000
15	12	322	0.612372435695794
16	11	322	0.612372435695794
18	9	322	0.353553390593274
20	7	322	-0.353553390593274
16	12	323	0.866025403784438
19	9	323	0.353553390593274
20	8	323	-0.353553390593274
14	13	324	0.790569415042094
17	11	324	0.474341649025257
18	10	324	-0.387298334620742
14	14	325	0.456435464587638
15	13	325	0.645497224367902
17	12	325	0.387298334620741
18	11	325	0.158113883008418
19	10	325	-0.447213595499958
15	14	326	0.645497224367902
16	13	326	0.456435464587638
18	12	326	0.447213595499958
19	11	326	-0.158113883008419
20	10	326	-0.387298334620742
16	14	327	0.790569415042094
19	12	327	0.387298334620741
20	11	327	-0.474341649025257
14	15	328	0.707106781186547
17	14	328	0.612372435695794
18	13	328	-0.353553390593274
15	15	329	0.707106781186547
18	14	329	0.500000000000000
19	13	329	-0.500000000000000
16	15	330	0.707106781186548
19	14	330	0.353553390593274
20	13	330	-0.612372435695795
17	1	331	1.000000000000000
17	2	332	0.755928946018455
18	1	332	0.654653670707977
17	3	333	0.534522483824849
18	2	333	0.755928946018455
19	1	333	0.377964473009227
17	4	334	0.338061701891407
18	3	334	0.717137165600637
19	2	334	0.585540043769120
20	1	334	0.169030850945703
17	5	335	0.169030850945703
18	4	335	0.585540043769120
19	3	335	0.717137165600636
20	2	335	0.338061701891407
18	5	336	0.377964473009228
19	4	336	0.755928946018455
20	3	336	0.534522483824849
19	5	337	0.654653670707977
20	4	337	0.755928946018454
20	5	338	1.000000000000000
17	6	339	1.000000000000001
17	7	340	0.707106781186548
18	6	340	0.707106781186548
17	8	341	0.447213595499958
18	7	341	0.774596669241484
19	6	341	0.447213595499958
17	9	342	0.223606797749979
18	8	342	0.670820393249937
19	7	342	0.670820393249937
20	6	342	0.223606797749979
18	9	343	0.447213595499958
19	8	343	0.774596669241484
20	7	343	0.447213595499958
19	9	344	0.707106781186548
20	8	344	0.707106781186548
20	9	345	1.000000000000001
17	10	346	1.000000000000000
17	11	347	0.632455532033676
18	10	347	0.774596669241484
17	12	348	0.316227766016838
18	11	348	0.774596669241484
19	10	348	0.547722557505166
18	12	349	0.547722557505167
19	11	349	0.774596669241484
20	10	349	0.316227766016838
19	12	350	0.774596669241484
20	11	350	0.632455532033677
20	12	351	1.000000000000001
17	13	352	1.000000000000000
17	14	353	0.500000000000000
18	13	353	0.866025403784439
18	14	354	0.707106781186548
19	13	354	0.707106781186548
19	14	355	0.866025403784439
20	13	355	0.500000000000000
20	14	356	1.000000000000001
17	15	357	1.000000000000000
18	15	358	1.000000000000000
19	15	359	1.000000000000000
20	15	360	1.000000000000001
11	16	361	0.948683298050513
21	6	361	0.210818510677892
22	2	361	-0.105409255338946
23	1	361	0.210818510677892
11	17	362	0.948683298050513
21	7	362	0.210818510677892
22	3	362	-0.149071198499986
23	2	362	0.182574185835055
11	18	363	0.948683298050514
21	8	363	0.210818510677892
22	4	363	-0.182574185835055
23	3	363	0.149071198499986
11	19	364	0.948683298050514
21	9	364	0.210818510677892
22	5	364	-0.210818510677892
23	4	364	0.105409255338946
11	20	365	0.717137165600635
12	17	365	0.310529501704059
13	16	365	-0.537852874200477
21	10	365	0.225374467927604
22	7	365	-0.019920476822240
23	6	365	0.034503277967118
24	3	365	-0.069006555934236
25	2	365	0.119522860933439
26	1	365	-0.169030850945703
11	21	366	0.717137165600636
12	18	366	0.439155032826840
13	17	366	-0.439155032826840
21	11	366	0.225374467927604
22	8	366	-0.028171808490951
23	7	366	0.028171808490951
24	4	366	-0.119522860933439
25	3	366	0.138013111868471
26	2	366	-0.119522860933439
11	22	367	0.717137165600636
12	19	367	0.537852874200477
13	18	367	-0.310529501704059
21	12	367	0.225374467927604
22	9	367	-0.034503277967117
23	8	367	0.019920476822240
24	5	367	-0.169030850945703
25	4	367	0.119522860933439
26	3	367	-0.069006555934235
11	23	368	0.507092552837110
12	21	368	0.414039335605413
13	20	368	-0.585540043769120
14	18	368	0.146385010942280
15	17	368	-0.207019667802706
16	16	368	0.253546276418555
21	13	368	0.195180014589706
22	11	368	0.056343616981901
23	10	368	-0.079681907288959
24	8	368	-0.069006555934235
25	7	368	0.097590007294853
26	6	368	-0.119522860933440
27	4	368	-0.048795003647426
28	3	368	0.069006555934236
29	2	368	-0.084515425472852
30	1	368	0.097590007294853
11	24	369	0.507092552837110
12	22	369	0.585540043769120
13	21	369	-0.414039335605412
14	19	369	0.253546276418555
15	18	369	-0.207019667802706
16	17	369	0.146385010942280
21	14	369	0.195180014589707
22	12	369	0.079681907288960
23	11	369	-0.056343616981901
24	9	369	-0.119522860933439
25	8	369	0.097590007294853
26	7	369	-0.069006555934235
27	5	369	-0.097590007294853
28	4	369	0.084515425472852
29	3	369	-0.069006555934235
30	2	369	0.048795003647427
11	25	370	0.320713490294909
12	24	370	0.481070235442364
13	23	370	-0.481070235442364
14	22	370	0.320713490294910
15	21	370	-0.320713490294909
16	20	370	0.320713490294909
17	19	370	0.080178372573727
18	18	370	-0.080178372573727
19	17	370	0.080178372573727
20	16	370	-0.080178372573727
21	15	370	0.142539329019960
22	14	370	0.124721912892465
23	13	370	-0.124721912892465
24	12	370	-0.035634832254990
25	11	370	0.035634832254990
26	10	370	-0.035634832254990
27	9	370	-0.097995788701222
28	8	370	0.097995788701222
29	7	370	-0.097995788701222
30	6	370	0.097995788701222
31	5	370	-0.035634832254990
32	4	370	0.035634832254990
33	3	370	-0.035634832254990
34	2	370	0.035634832254990
35	1	370	-0.035634832254990
12	16	371	0.948683298050513
22	6	371	0.182574185835055
24	2	371	-0.149071198499985
25	1	371	0.210818510677892
12	17	372	0.821583836257749
13	16	372	0.474341649025257
22	7	372	0.158113883008419
23	6	372	0.091287092917528
24	3	372	-0.182574185835055
25	2	372	0.105409255338946
26	1	372	0.149071198499986
12	18	373	0.670820393249936
13	17	373	0.670820393249937
22	8	373	0.129099444873580
23	7	373	0.129099444873580
24	4	373	-0.182574185835056
26	2	373	0.182574185835055
12	19	374	0.474341649025256
13	18	374	0.821583836257749
22	9	374	0.091287092917527
23	8	374	0.158113883008418
24	5	374	-0.149071198499986
25	4	374	-0.105409255338946
26	3	374	0.182574185835055
13	19	375	0.948683298050513
23	9	375	0.182574185835055
25	5	375	-0.210818510677892
26	4	375	0.149071198499986
12	20	376	0.801783725737273
14	17	376	0.320713490294909
15	16	376	-0.392792202424786
22	10	376	0.218217890235992
24	7	376	-0.075592894601846
25	6	376	0.092582009977255
27	3	376	-0.087287156094397
28	2	376	0.123442679969673
29	1	376	-0.123442679969674
12	21	377	0.654653670707976
13	20	377	0.462910049886275
14	18	377	0.370328039909020
15	17	377	-0.130930734141595
16	16	377	-0.320713490294909
22	11	377	0.178174161274949
23	10	377	0.125988157669742
24	8	377	-0.087287156094397
25	7	377	0.030860669992418
26	6	377	0.075592894601846
27	4	377	-0.123442679969674
28	3	377	0.087287156094397
30	1	377	-0.123442679969674
12	22	378	0.462910049886275
13	21	378	0.654653670707977
14	19	378	0.320713490294909
15	18	378	0.130930734141595
16	17	378	-0.370328039909020
22	12	378	0.125988157669742
23	11	378	0.178174161274949
24	9	378	-0.075592894601846
25	8	378	-0.030860669992419
26	7	378	0.087287156094397
27	5	378	-0.123442679969674
29	3	378	0.087287156094397
30	2	378	-0.123442679969674
13	22	379	0.801783725737273
15	19	379	0.392792202424786
16	18	379	-0.320713490294909
23	12	379	0.218217890235992
25	9	379	-0.092582009977255
26	8	379	0.075592894601846
28	5	379	-0.123442679969674
29	4	379	0.123442679969674
30	3	379	-0.087287156094397
12	23	380	0.654653670707976
14	21	380	0.462910049886275
15	20	380	-0.462910049886276
17	18	380	0.113389341902768
18	17	380	-0.130930734141595
19	16	380	0.113389341902768
22	13	380	0.218217890235992
27	8	380	-0.113389341902768
28	7	380	0.130930734141595
29	6	380	-0.113389341902768
31	4	380	-0.043643578047198
32	3	380	0.053452248382485
33	2	380	-0.053452248382485
34	1	380	0.043643578047199
12	24	381	0.462910049886275
13	23	381	0.462910049886275
14	22	381	0.462910049886275
16	20	381	-0.462910049886275
17	19	381	0.138873014965883
18	18	381	-0.046291004988628
19	17	381	-0.046291004988627
20	16	381	0.138873014965883
22	14	381	0.154303349962092
23	13	381	0.154303349962092
27	9	381	-0.138873014965883
28	8	381	0.046291004988628
29	7	381	0.046291004988627
30	6	381	-0.138873014965883
31	5	381	-0.061721339984837
32	4	381	0.030860669992418
34	2	381	-0.030860669992418
35	1	381	0.061721339984837
13	24	382	0.654653670707977
15	22	382	0.462910049886276
16	21	382	-0.462910049886275
18	19	382	0.113389341902768
19	18	382	-0.130930734141595
20	17	382	0.113389341902768
23	14	382	0.218217890235992
28	9	382	-0.113389341902768
29	8	382	0.130930734141595
30	7	382	-0.113389341902768
32	5	382	-0.043643578047198
33	4	382	0.053452248382485
34	3	382	-0.053452248382485
35	2	382	0.043643578047198
12	25	383	0.507092552837110
14	24	383	0.585540043769120
15	23	383	-0.414039335605412
17	22	383	0.253546276418555
18	21	383	-0.207019667802706
19	20	383	0.146385010942280
22	15	383	0.195180014589707
24	14	383	0.079681907288960
25	13	383	-0.056343616981901
27	12	383	-0.119522860933439
28	11	383	0.097590007294853
29	10	383	-0.069006555934235
31	9	383	-0.097590007294853
32	8	383	0.084515425472852
33	7	383	-0.069006555934235
34	6	383	0.048795003647427
13	25	384	0.507092552837110
15	24	384	0.414039335605412
16	23	384	-0.585540043769120
18	22	384	0.146385010942280
19	21	384	-0.207019667802706
20	20	384	0.253546276418555
23	15	384	0.195180014589706
25	14	384	0.056343616981901
26	13	384	-0.079681907288959
28	12	384	-0.069006555934235
29	11	384	0.097590007294853
30	10	384	-0.119522860933439
32	9	384	-0.048795003647427
33	8	384	0.069006555934235
34	7	384	-0.084515425472852
35	6	384	0.097590007294853
14	16	385	0.948683298050514
24	6	385	0.149071198499986
27	2	385	-0.182574185835055
28	1	385	0.210818510677892
14	17	386	0.734846922834953
15	16	386	0.600000000000000
24	7	386	0.115470053837925
25	6	386	0.094280904158206
27	3	386	-0.199999999999999
28	2	386	0.047140452079103
29	1	386	0.188561808316413
14	18	387	0.519615242270663
15	17	387	0.734846922834954
16	16	387	0.300000000000000
24	8	387	0.081649658092773
25	7	387	0.115470053837925
26	6	387	0.047140452079103
27	4	387	-0.173205080756888
28	3	387	-0.081649658092772
29	2	387	0.166666666666667
30	1	387	0.115470053837925
14	19	388	0.300000000000000
15	18	388	0.734846922834953
16	17	388	0.519615242270663
24	9	388	0.047140452079103
25	8	388	0.115470053837925
26	7	388	0.081649658092772
27	5	388	-0.115470053837925
28	4	388	-0.166666666666667
29	3	388	0.081649658092773
30	2	388	0.173205080756888
15	19	389	0.600000000000000
16	18	389	0.734846922834953
25	9	389	0.094280904158206
26	8	389	0.115470053837925
28	5	389	-0.188561808316413
29	4	389	-0.047140452079103
30	3	389	0.200000000000000
16	19	390	0.948683298050513
26	9	390	0.149071198499985
29	5	390	-0.210818510677892
30	4	390	0.182574185835056
14	20	391	0.878310065653679
17	17	391	0.253546276418555
18	16	391	-0.253546276418555
24	10	391	0.195180014589707
27	7	391	-0.140859042454752
28	6	391	0.140859042454753
31	3	391	-0.079681907288960
32	2	391	0.097590007294853
33	1	391	-0.079681907288960
14	21	392	0.621059003408118
15	20	392	0.621059003408118
17	18	392	0.253546276418555
19	16	392	-0.253546276418555
24	11	392	0.138013111868471
25	10	392	0.138013111868471
27	8	392	-0.140859042454753
29	6	392	0.140859042454753
31	4	392	-0.097590007294853
32	3	392	0.039840953644480
33	2	392	0.039840953644480
34	1	392	-0.097590007294853
14	22	393	0.358568582800318
15	21	393	0.717137165600636
16	20	393	0.358568582800318
17	19	393	0.179284291400159
18	18	393	0.179284291400159
19	17	393	-0.179284291400159
20	16	393	-0.179284291400159
24	12	393	0.079681907288959
25	11	393	0.159363814577919
26	10	393	0.079681907288959
27	9	393	-0.099602384111200
28	8	393	-0.099602384111200
29	7	393	0.099602384111200
30	6	393	0.099602384111200
31	5	393	-0.079681907288960
32	4	393	-0.039840953644480
33	3	393	0.079681907288960
34	2	393	-0.039840953644480
35	1	393	-0.079681907288960
15	22	394	0.621059003408118
16	21	394	0.621059003408118
18	19	394	0.253546276418555
20	17	394	-0.253546276418555
25	12	394	0.138013111868470
26	11	394	0.138013111868470
28	9	394	-0.140859042454753
30	7	394	0.140859042454753
32	5	394	-0.097590007294853
33	4	394	0.039840953644480
34	3	394	0.039840953644480
35	2	394	-0.097590007294853
16	22	395	0.878310065653679
19	19	395	0.253546276418555
20	18	395	-0.253546276418555
26	12	395	0.195180014589706
29	9	395	-0.140859042454753
30	8	395	0.140859042454753
33	5	395	-0.079681907288960
34	4	395	0.097590007294853
35	3	395	-0.079681907288960
14	23	396	0.801783725737272
17	21	396	0.392792202424786
18	20	396	-0.320713490294909
24	13	396	0.218217890235992
27	11	396	-0.092582009977255
28	10	396	0.075592894601845
31	8	396	-0.123442679969673
32	7	396	0.123442679969673
33	6	396	-0.087287156094397
14	24	397	0.462910049886275
15	23	397	0.654653670707977
17	22	397	0.320713490294909
18	21	397	0.130930734141595
19	20	397	-0.370328039909021
24	14	397	0.125988157669742
25	13	397	0.178174161274949
27	12	397	-0.075592894601846
28	11	397	-0.030860669992419
29	10	397	0.087287156094397
31	9	397	-0.123442679969674
33	7	397	0.087287156094397
34	6	397	-0.123442679969674
15	24	398	0.654653670707977
16	23	398	0.462910049886275
18	22	398	0.370328039909021
19	21	398	-0.130930734141596
20	20	398	-0.320713490294909
25	14	398	0.178174161274949
26	13	398	0.125988157669742
28	12	398	-0.087287156094397
29	11	398	0.030860669992418
30	10	398	0.075592894601846
32	9	398	-0.123442679969674
33	8	398	0.087287156094397
35	6	398	-0.123442679969674
16	24	399	0.801783725737273
19	22	399	0.320713490294909
20	21	399	-0.392792202424786
26	14	399	0.218217890235992
29	12	399	-0.075592894601846
30	11	399	0.092582009977255
33	9	399	-0.087287156094397
34	8	399	0.123442679969674
35	7	399	-0.123442679969674
14	25	400	0.717137165600635
17	24	400	0.537852874200477
18	23	400	-0.310529501704059
24	15	400	0.225374467927604
27	14	400	-0.034503277967118
28	13	400	0.019920476822240
31	12	400	-0.169030850945703
32	11	400	0.119522860933439
33	10	400	-0.069006555934235
15	25	401	0.717137165600636
18	24	401	0.439155032826840
19	23	401	-0.439155032826840
25	15	401	0.225374467927604
28	14	401	-0.028171808490951
29	13	401	0.028171808490950
32	12	401	-0.119522860933439
33	11	401	0.138013111868471
34	10	401	-0.119522860933439
16	25	402	0.717137165600636
19	24	402	0.310529501704059
20	23	402	-0.537852874200477
26	15	402	0.225374467927604
29	14	402	-0.019920476822240
30	13	402	0.034503277967118
33	12	402	-0.069006555934235
34	11	402	0.119522860933439
35	10	402	-0.169030850945703
17	16	403	0.948683298050514
27	6	403	0.105409255338947
31	2	403	-0.210818510677892
32	1	403	0.210818510677892
17	17	404	0.670820393249937
18	16	404	0.670820393249937
27	7	404	0.074535599249994
28	6	404	0.074535599249993
31	3	404	-0.210818510677892
33	1	404	0.210818510677892
17	18	405	0.424264068711929
18	17	405	0.734846922834954
19	16	405	0.424264068711929
27	8	405	0.047140452079104
28	7	405	0.081649658092773
29	6	405	0.047140452079103
31	4	405	-0.163299316185545
32	3	405	-0.133333333333333
33	2	405	0.133333333333333
34	1	405	0.163299316185545
17	19	406	0.212132034355964
18	18	406	0.636396103067893
19	17	406	0.636396103067893
20	16	406	0.212132034355964
27	9	406	0.023570226039552
28	8	406	0.070710678118655
29	7	406	0.070710678118655
30	6	406	0.023570226039552
31	5	406	-0.094280904158206
32	4	406	-0.188561808316412
34	2	406	0.188561808316413
35	1	406	0.094280904158206
18	19	407	0.424264068711928
19	18	407	0.734846922834954
20	17	407	0.424264068711929
28	9	407	0.047140452079104
29	8	407	0.081649658092773
30	7	407	0.047140452079103
32	5	407	-0.163299316185545
33	4	407	-0.133333333333333
34	3	407	0.133333333333333
35	2	407	0.163299316185545
19	19	408	0.670820393249937
20	18	408	0.670820393249937
29	9	408	0.074535599249994
30	8	408	0.074535599249993
33	5	408	-0.210818510677892
35	3	408	0.210818510677892
20	19	409	0.948683298050514
30	9	409	0.105409255338947
34	5	409	-0.210818510677892
35	4	409	0.210818510677892
17	20	410	0.948683298050514
27	10	410	0.149071198499987
31	7	410	-0.210818510677891
32	6	410	0.182574185835056
17	21	411	0.600000000000000
18	20	411	0.734846922834953
27	11	411	0.094280904158207
28	10	411	0.115470053837926
31	8	411	-0.188561808316412
32	7	411	-0.047140452079103
33	6	411	0.200000000000000
17	22	412	0.300000000000000
18	21	412	0.734846922834954
19	20	412	0.519615242270663
27	12	412	0.047140452079103
28	11	412	0.115470053837926
29	10	412	0.081649658092773
31	9	412	-0.115470053837925
32	8	412	-0.166666666666666
33	7	412	0.081649658092773
34	6	412	0.173205080756888
18	22	413	0.519615242270663
19	21	413	0.734846922834954
20	20	413	0.300000000000000
28	12	413	0.081649658092773
29	11	413	0.115470053837925
30	10	413	0.047140452079103
32	9	413	-0.173205080756888
33	8	413	-0.081649658092772
34	7	413	0.166666666666667
35	6	413	0.115470053837925
19	22	414	0.734846922834953
20	21	414	0.600000000000000
29	12	414	0.115470053837926
30	11	414	0.094280904158206
33	9	414	-0.200000000000000
34	8	414	0.047140452079103
35	7	414	0.188561808316413
20	22	415	0.948683298050514
30	12	415	0.149071198499986
34	9	415	-0.182574185835055
35	8	415	0.210818510677892
17	23	416	0.948683298050514
27	13	416	0.182574185835055
31	11	416	-0.210818510677892
32	10	416	0.149071198499986
17	24	417	0.474341649025257
18	23	417	0.821583836257749
27	14	417	0.091287092917528
28	13	417	0.158113883008419
31	12	417	-0.149071198499986
32	11	417	-0.105409255338946
33	10	417	0.182574185835055
18	24	418	0.670820393249937
19	23	418	0.670820393249937
28	14	418	0.129099444873581
29	13	418	0.129099444873581
32	12	418	-0.182574185835055
34	10	418	0.182574185835056
19	24	419	0.821583836257750
20	23	419	0.474341649025257
29	14	419	0.158113883008419
30	13	419	0.091287092917528
33	12	419	-0.182574185835055
34	11	419	0.105409255338946
35	10	419	0.149071198499986
20	24	420	0.948683298050515
30	14	420	0.182574185835056
34	12	420	-0.149071198499986
35	11	420	0.210818510677892
17	25	421	0.948683298050514
27	15	421	0.210818510677892
31	14	421	-0.210818510677892
32	13	421	0.105409255338946
18	25	422	0.948683298050514
28	15	422	0.210818510677892
32	14	422	-0.182574185835055
33	13	422	0.149071198499986
19	25	423	0.948683298050514
29	15	423	0.210818510677892
33	14	423	-0.149071198499986
34	13	423	0.182574185835055
20	25	424	0.948683298050515
30	15	424	0.210818510677892
34	14	424	-0.105409255338946
35	13	424	0.210818510677892
11	26	425	0.894427190999916
21	20	425	0.316227766016838
22	17	425	-0.158113883008419
23	16	425	0.273861278752583
11	27	426	0.894427190999915
21	21	426	0.316227766016838
22	18	426	-0.223606797749979
23	17	426	0.223606797749979
11	28	427	0.894427190999916
21	22	427	0.316227766016838
22	19	427	-0.273861278752583
23	18	427	0.158113883008419
11	29	428	0.632455532033675
12	27	428	0.365148371670110
13	26	428	-0.516397779494322
21	23	428	0.316227766016837
24	18	428	-0.129099444873582
25	17	428	0.182574185835055
26	16	428	-0.223606797749979
11	30	429	0.632455532033675
12	28	429	0.516397779494322
13	27	429	-0.365148371670110
21	24	429	0.316227766016837
24	19	429	-0.223606797749979
25	18	429	0.182574185835055
26	17	429	-0.129099444873580
11	31	430	0.399999999999999
12	30	430	0.489897948556635
13	29	430	-0.489897948556635
14	28	430	0.230940107675850
15	27	430	-0.230940107675850
16	26	430	0.230940107675850
21	25	430	0.244948974278317
22	24	430	0.141421356237309
23	23	430	-0.141421356237309
24	22	430	-0.115470053837925
25	21	430	0.115470053837926
26	20	430	-0.115470053837925
27	19	430	-0.122474487139159
28	18	430	0.122474487139159
29	17	430	-0.122474487139159
30	16	430	0.122474487139159
12	26	431	0.894427190999915
22	20	431	0.273861278752583
24	17	431	-0.223606797749978
25	16	431	0.273861278752583
12	27	432	0.730296743340221
13	26	432	0.516397779494322
22	21	432	0.223606797749979
23	20	432	0.158113883008419
24	18	432	-0.258198889747161
25	17	432	0.091287092917527
26	16	432	0.223606797749979
12	28	433	0.516397779494322
13	27	433	0.730296743340221
22	22	433	0.158113883008419
23	21	433	0.223606797749979
24	19	433	-0.223606797749979
25	18	433	-0.091287092917528
26	17	433	0.258198889747161
13	28	434	0.894427190999915
23	22	434	0.273861278752582
25	19	434	-0.273861278752583
26	18	434	0.223606797749979
12	29	435	0.730296743340221
14	27	435	0.365148371670110
15	26	435	-0.365148371670111
22	23	435	0.316227766016838
24	21	435	-0.091287092917528
25	20	435	0.091287092917527
27	18	435	-0.158113883008420
28	17	435	0.182574185835054
29	16	435	-0.158113883008419
12	30	436	0.516397779494322
13	29	436	0.516397779494322
14	28	436	0.365148371670110
16	26	436	-0.365148371670111
22	24	436	0.223606797749979
23	23	436	0.223606797749979
24	22	436	-0.091287092917528
26	20	436	0.091287092917527
27	19	436	-0.193649167310371
28	18	436	0.064549722436790
29	17	436	0.064549722436790
30	16	436	-0.193649167310371
13	30	437	0.730296743340220
15	28	437	0.365148371670110
16	27	437	-0.365148371670110
23	24	437	0.316227766016837
25	22	437	-0.091287092917528
26	21	437	0.091287092917527
28	19	437	-0.158113883008419
29	18	437	0.182574185835055
30	17	437	-0.158113883008419
12	31	438	0.565685424949237
14	30	438	0.533333333333333
15	29	438	-0.377123616632825
17	28	438	0.163299316185545
18	27	438	-0.133333333333333
19	26	438	0.094280904158206
22	25	438	0.300000000000000
24	24	438	0.047140452079103
25	23	438	-0.033333333333333
27	22	438	-0.202072594216369
28	21	438	0.164991582276861
29	20	438	-0.116666666666667
31	19	438	-0.100000000000000
32	18	438	0.086602540378444
33	17	438	-0.070710678118655
34	16	438	0.050000000000000
13	31	439	0.565685424949237
15	30	439	0.377123616632825
16	29	439	-0.533333333333333
18	28	439	0.094280904158206
19	27	439	-0.133333333333333
20	26	439	0.163299316185545
23	25	439	0.299999999999999
25	24	439	0.033333333333333
26	23	439	-0.047140452079103
28	22	439	-0.116666666666667
29	21	439	0.164991582276861
30	20	439	-0.202072594216369
32	19	439	-0.050000000000000
33	18	439	0.070710678118655
34	17	439	-0.086602540378444
35	16	439	0.100000000000000
14	26	440	0.894427190999915
24	20	440	0.223606797749980
27	17	440	-0.273861278752582
28	16	440	0.273861278752583
14	27	441	0.632455532033675
15	26	441	0.632455532033675
24	21	441	0.158113883008419
25	20	441	0.158113883008419
27	18	441	-0.273861278752582
29	16	441	0.273861278752583
14	28	442	0.365148371670111
15	27	442	0.730296743340221
16	26	442	0.365148371670111
24	22	442	0.091287092917528
25	21	442	0.182574185835056
26	20	442	0.091287092917528
27	19	442	-0.193649167310370
28	18	442	-0.193649167310370
29	17	442	0.193649167310371
30	16	442	0.193649167310371
15	28	443	0.632455532033676
16	27	443	0.632455532033676
25	22	443	0.158113883008419
26	21	443	0.158113883008419
28	19	443	-0.273861278752583
30	17	443	0.273861278752583
16	28	444	0.894427190999916
26	22	444	0.223606797749979
29	19	444	-0.273861278752583
30	18	444	0.273861278752583
14	29	445	0.816496580927725
17	27	445	0.282842712474619
18	26	445	-0.230940107675850
24	23	445	0.288675134594813
27	21	445	-0.200000000000000
28	20	445	0.163299316185545
31	18	445	-0.141421356237310
32	17	445	0.141421356237309
33	16	445	-0.100000000000000
14	30	446	0.471404520791031
15	29	446	0.666666666666666
17	28	446	0.230940107675850
18	27	446	0.094280904158206
19	26	446	-0.266666666666666
24	24	446	0.166666666666667
25	23	446	0.235702260395516
27	22	446	-0.163299316185545
28	21	446	-0.066666666666667
29	20	446	0.188561808316412
31	19	446	-0.141421356237309
33	17	446	0.100000000000000
34	16	446	-0.141421356237309
15	30	447	0.666666666666666
16	29	447	0.471404520791031
18	28	447	0.266666666666667
19	27	447	-0.094280904158206
20	26	447	-0.230940107675850
25	24	447	0.235702260395516
26	23	447	0.166666666666666
28	22	447	-0.188561808316413
29	21	447	0.066666666666666
30	20	447	0.163299316185545
32	19	447	-0.141421356237310
33	18	447	0.100000000000000
35	16	447	-0.141421356237309
16	30	448	0.816496580927726
19	28	448	0.230940107675850
20	27	448	-0.282842712474619
26	24	448	0.288675134594813
29	22	448	-0.163299316185546
30	21	448	0.200000000000000
33	19	448	-0.100000000000000
34	18	448	0.141421356237310
35	17	448	-0.141421356237310
14	31	449	0.730296743340221
17	30	449	0.447213595499958
18	29	449	-0.258198889747161
24	25	449	0.316227766016838
27	24	449	-0.111803398874989
28	23	449	0.064549722436790
31	22	449	-0.223606797749979
32	21	449	0.158113883008419
33	20	449	-0.091287092917528
15	31	450	0.730296743340221
18	30	450	0.365148371670111
19	29	450	-0.365148371670111
25	25	450	0.316227766016838
28	24	450	-0.091287092917528
29	23	450	0.091287092917528
32	22	450	-0.158113883008419
33	21	450	0.182574185835055
34	20	450	-0.158113883008419
16	31	451	0.730296743340221
19	30	451	0.258198889747161
20	29	451	-0.447213595499958
26	25	451	0.316227766016838
29	24	451	-0.064549722436791
30	23	451	0.111803398874990
33	22	451	-0.091287092917528
34	21	451	0.158113883008419
35	20	451	-0.223606797749979
17	26	452	0.894427190999916
27	20	452	0.158113883008420
31	17	452	-0.316227766016837
32	16	452	0.273861278752584
17	27	453	0.565685424949238
18	26	453	0.692820323027551
27	21	453	0.100000000000001
28	20	453	0.122474487139160
31	18	453	-0.282842712474618
32	17	453	-0.070710678118654
33	16	453	0.300000000000000
17	28	454	0.282842712474619
18	27	454	0.692820323027551
19	26	454	0.489897948556636
27	22	454	0.050000000000000
28	21	454	0.122474487139160
29	20	454	0.086602540378444
31	19	454	-0.173205080756887
32	18	454	-0.249999999999999
33	17	454	0.122474487139159
34	16	454	0.259807621135332
18	28	455	0.489897948556635
19	27	455	0.692820323027551
20	26	455	0.282842712474619
28	22	455	0.086602540378444
29	21	455	0.122474487139160
30	20	455	0.050000000000000
32	19	455	-0.259807621135331
33	18	455	-0.122474487139158
34	17	455	0.250000000000000
35	16	455	0.173205080756888
19	28	456	0.692820323027551
20	27	456	0.565685424949238
29	22	456	0.122474487139160
30	21	456	0.100000000000000
33	19	456	-0.300000000000000
34	18	456	0.070710678118655
35	17	456	0.282842712474619
20	28	457	0.894427190999916
30	22	457	0.158113883008420
34	19	457	-0.273861278752583
35	18	457	0.316227766016838
17	29	458	0.894427190999915
27	23	458	0.223606797749979
31	21	458	-0.316227766016838
32	20	458	0.223606797749979
17	30	459	0.447213595499958
18	29	459	0.774596669241483
27	24	459	0.111803398874990
28	23	459	0.193649167310371
31	22	459	-0.223606797749979
32	21	459	-0.158113883008419
33	20	459	0.273861278752583
18	30	460	0.632455532033676
19	29	460	0.632455532033676
28	24	460	0.158113883008419
29	23	460	0.158113883008419
32	22	460	-0.273861278752583
34	20	460	0.273861278752583
19	30	461	0.774596669241484
20	29	461	0.447213595499958
29	24	461	0.193649167310371
30	23	461	0.111803398874990
33	22	461	-0.273861278752583
34	21	461	0.158113883008419
35	20	461	0.223606797749979
20	30	462	0.894427190999916
30	24	462	0.223606797749979
34	22	462	-0.223606797749979
35	21	462	0.316227766016838
17	31	463	0.894427190999917
27	25	463	0.273861278752583
31	24	463	-0.316227766016838
32	23	463	0.158113883008419
18	31	464	0.894427190999916
28	25	464	0.273861278752583
32	24	464	-0.273861278752583
33	23	464	0.223606797749979
19	31	465	0.894427190999916
29	25	465	0.273861278752583
33	24	465	-0.223606797749979
34	23	465	0.273861278752583
20	31	466	0.894427190999917
30	25	466	0.273861278752583
34	24	466	-0.158113883008419
35	23	466	0.316227766016838
11	32	467	0.836660026534075
21	29	467	0.414039335605412
22	27	467	-0.207019667802706
23	26	467	0.292770021884560
11	33	468	0.836660026534075
21	30	468	0.414039335605412
22	28	468	-0.292770021884560
23	27	468	0.207019667802706
11	34	469	0.529150262212918
12	33	469	0.458257569495583
13	32	469	-0.458257569495584
21	31	469	0.370328039909020
22	30	469	0.065465367070797
23	29	469	-0.065465367070798
24	28	469	-0.226778683805537
25	27	469	0.226778683805536
26	26	469	-0.226778683805536
12	32	470	0.836660026534075
22	29	470	0.358568582800318
24	27	470	-0.292770021884560
25	26	470	0.292770021884560
12	33	471	0.591607978309961
13	32	471	0.591607978309961
22	30	471	0.253546276418555
23	29	471	0.253546276418555
24	28	471	-0.292770021884560
26	26	471	0.292770021884560
13	33	472	0.836660026534075
23	30	472	0.358568582800317
25	28	472	-0.292770021884560
26	27	472	0.292770021884560
12	34	473	0.648074069840786
14	33	473	0.432049379893857
15	32	473	-0.305505046330389
22	31	473	0.392792202424786
24	30	473	-0.075592894601846
25	29	473	0.053452248382485
27	28	473	-0.261861468283191
28	27	473	0.213808993529939
29	26	473	-0.151185789203691
13	34	474	0.648074069840785
15	33	474	0.305505046330389
16	32	474	-0.432049379893857
23	31	474	0.392792202424786
25	30	474	-0.053452248382486
26	29	474	0.075592894601846
28	28	474	-0.151185789203691
29	27	474	0.213808993529939
30	26	474	-0.261861468283191
14	32	475	0.836660026534075
24	29	475	0.292770021884560
27	27	475	-0.358568582800318
28	26	475	0.292770021884560
14	33	476	0.483045891539648
15	32	476	0.683130051063973
24	30	476	0.169030850945704
25	29	476	0.239045721866879
27	28	476	-0.292770021884559
28	27	476	-0.119522860933439
29	26	476	0.338061701891407
15	33	477	0.683130051063973
16	32	477	0.483045891539648
25	30	477	0.239045721866879
26	29	477	0.169030850945703
28	28	477	-0.338061701891406
29	27	477	0.119522860933440
30	26	477	0.292770021884560
16	33	478	0.836660026534075
26	30	478	0.292770021884560
29	28	478	-0.292770021884560
30	27	478	0.358568582800318
14	34	479	0.748331477354788
17	33	479	0.324037034920393
18	32	479	-0.187082869338697
24	31	479	0.370328039909021
27	30	479	-0.240535117721182
28	29	479	0.138873014965883
31	28	479	-0.226778683805536
32	27	479	0.160356745147455
33	26	479	-0.092582009977255
15	34	480	0.748331477354788
18	33	480	0.264575131106459
19	32	480	-0.264575131106459
25	31	480	0.370328039909020
28	30	480	-0.196396101212393
29	29	480	0.196396101212393
32	28	480	-0.160356745147455
33	27	480	0.185164019954510
34	26	480	-0.160356745147455
16	34	481	0.748331477354788
19	33	481	0.187082869338697
20	32	481	-0.324037034920393
26	31	481	0.370328039909021
29	30	481	-0.138873014965883
30	29	481	0.240535117721182
33	28	481	-0.092582009977255
34	27	481	0.160356745147455
35	26	481	-0.226778683805536
17	32	482	0.836660026534075
27	29	482	0.207019667802706
31	27	482	-0.414039335605412
32	26	482	0.292770021884560
17	33	483	0.418330013267038
18	32	483	0.724568837309472
27	30	483	0.103509833901353
28	29	483	0.179284291400159
31	28	483	-0.292770021884560
32	27	483	-0.207019667802706
33	26	483	0.358568582800318
18	33	484	0.591607978309961
19	32	484	0.591607978309961
28	30	484	0.146385010942280
29	29	484	0.146385010942280
32	28	484	-0.358568582800318
34	26	484	0.358568582800318
19	33	485	0.724568837309472
20	32	485	0.418330013267038
29	30	485	0.179284291400159
30	29	485	0.103509833901353
33	28	485	-0.358568582800318
34	27	485	0.207019667802706
35	26	485	0.292770021884560
20	33	486	0.836660026534076
30	30	486	0.207019667802706
34	28	486	-0.292770021884560
35	27	486	0.414039335605413
17	34	487	0.836660026534076
27	31	487	0.292770021884561
31	30	487	-0.414039335605412
32	29	487	0.207019667802707
18	34	488	0.836660026534076
28	31	488	0.292770021884560
32	30	488	-0.358568582800318
33	29	488	0.292770021884560
19	34	489	0.836660026534076
29	31	489	0.292770021884560
33	30	489	-0.292770021884560
34	29	489	0.358568582800318
20	34	490	0.836660026534076
30	31	490	0.292770021884560
34	30	490	-0.207019667802706
35	29	490	0.414039335605413
11	35	491	0.774596669241483
21	34	491	0.516397779494322
22	33	491	-0.258198889747160
23	32	491	0.258198889747161
12	35	492	0.774596669241483
22	34	492	0.447213595499958
24	33	492	-0.365148371670110
25	32	492	0.258198889747161
13	35	493	0.774596669241484
23	34	493	0.447213595499959
25	33	493	-0.258198889747160
26	32	493	0.365148371670111
14	35	494	0.774596669241484
24	34	494	0.365148371670111
27	33	494	-0.447213595499957
28	32	494	0.258198889747162
15	35	495	0.774596669241483
25	34	495	0.365148371670111
28	33	495	-0.365148371670110
29	32	495	0.365148371670111
16	35	496	0.774596669241483
26	34	496	0.365148371670111
29	33	496	-0.258198889747161
30	32	496	0.447213595499958
17	35	497	0.774596669241484
27	34	497	0.258198889747162
31	33	497	-0.516397779494322
32	32	497	0.258198889747162
18	35	498	0.774596669241483
28	34	498	0.258198889747162
32	33	498	-0.447213595499957
33	32	498	0.365148371670111
19	35	499	0.774596669241484
29	34	499	0.258198889747162
33	33	499	-0.365148371670110
34	32	499	0.447213595499958
20	35	500	0.774596669241483
30	34	500	0.258198889747161
34	33	500	-0.258198889747161
35	32	500	0.516397779494322
21	1	501	0.999999999999999
21	2	502	0.999999999999999
21	3	503	1.000000000000000
21	4	504	1.000000000000000
21	5	505	1.000000000000000
21	6	506	0.745355992499929
22	2	506	0.298142396999971
23	1	506	-0.596284793999944
21	7	507	0.745355992499929
22	3	507	0.421637021355783
23	2	507	-0.516397779494322
21	8	508	0.745355992499930
22	4	508	0.516397779494322
23	3	508	-0.421637021355784
21	9	509	0.745355992499930
22	5	509	0.596284793999944
23	4	509	-0.298142396999972
21	10	510	0.527046276694729
22	7	510	0.372677996249965
23	6	510	-0.645497224367902
24	3	510	0.129099444873581
25	2	510	-0.223606797749979
26	1	510	0.316227766016838
21	11	511	0.527046276694730
22	8	511	0.527046276694730
23	7	511	-0.527046276694730
24	4	511	0.223606797749979
25	3	511	-0.258198889747161
26	2	511	0.223606797749979
21	12	512	0.527046276694730
22	9	512	0.645497224367903
23	8	512	-0.372677996249965
24	5	512	0.316227766016838
25	4	512	-0.223606797749979
26	3	512	0.129099444873581
21	13	513	0.345032779671177
22	11	513	0.398409536444798
23	10	513	-0.563436169819011
24	8	513	0.243975018237134
25	7	513	-0.345032779671177
26	6	513	0.422577127364259
27	4	513	0.069006555934235
28	3	513	-0.097590007294853
29	2	513	0.119522860933439
30	1	513	-0.138013111868471
21	14	514	0.345032779671177
22	12	514	0.563436169819011
23	11	514	-0.398409536444798
24	9	514	0.422577127364258
25	8	514	-0.345032779671177
26	7	514	0.243975018237133
27	5	514	0.138013111868471
28	4	514	-0.119522860933439
29	3	514	0.097590007294853
30	2	514	-0.069006555934235
21	15	515	0.199204768222399
22	14	515	0.398409536444798
23	13	515	-0.398409536444798
24	12	515	0.398409536444798
25	11	515	-0.398409536444798
26	10	515	0.398409536444798
27	9	515	0.199204768222399
28	8	515	-0.199204768222399
29	7	515	0.199204768222399
30	6	515	-0.199204768222399
31	5	515	0.039840953644480
32	4	515	-0.039840953644480
33	3	515	0.039840953644480
34	2	515	-0.039840953644480
35	1	515	0.039840953644480
22	1	516	1.000000000000000
22	2	517	0.894427190999915
23	1	517	0.447213595499958
22	3	518	0.774596669241483
23	2	518	0.632455532033676
22	4	519	0.632455532033676
23	3	519	0.774596669241484
22	5	520	0.447213595499958
23	4	520	0.894427190999916
23	5	521	1.000000000000000
22	6	522	0.816496580927725
24	2	522	0.333333333333332
25	1	522	-0.471404520791032
22	7	523	0.707106781186546
23	6	523	0.408248290463863
24	3	523	0.408248290463862
25	2	523	-0.235702260395516
26	1	523	-0.333333333333333
22	8	524	0.577350269189625
23	7	524	0.577350269189626
24	4	524	0.408248290463863
26	2	524	-0.408248290463863
22	9	525	0.408248290463863
23	8	525	0.707106781186548
24	5	525	0.333333333333334
25	4	525	0.235702260395516
26	3	525	-0.408248290463863
23	9	526	0.816496580927726
25	5	526	0.471404520791032
26	4	526	-0.333333333333333
22	10	527	0.645497224367902
24	7	527	0.447213595499957
25	6	527	-0.547722557505166
27	3	527	0.129099444873581
28	2	527	-0.182574185835055
29	1	527	0.182574185835055
22	11	528	0.527046276694729
23	10	528	0.372677996249965
24	8	528	0.516397779494322
25	7	528	-0.182574185835055
26	6	528	-0.447213595499958
27	4	528	0.182574185835056
28	3	528	-0.129099444873580
30	1	528	0.182574185835055
22	12	529	0.372677996249965
23	11	529	0.527046276694730
24	9	529	0.447213595499958
25	8	529	0.182574185835055
26	7	529	-0.516397779494323
27	5	529	0.182574185835056
29	3	529	-0.129099444873580
30	2	529	0.182574185835056
23	12	530	0.645497224367903
25	9	530	0.547722557505166
26	8	530	-0.447213595499958
28	5	530	0.182574185835056
29	4	530	-0.182574185835055
30	3	530	0.129099444873581
22	13	531	0.487950036474266
24	11	531	0.517549169506766
25	10	531	-0.517549169506766
27	8	531	0.253546276418555
28	7	531	-0.292770021884560
29	6	531	0.253546276418555
31	4	531	0.048795003647427
32	3	531	-0.059761430466720
33	2	531	0.059761430466720
34	1	531	-0.048795003647427
22	14	532	0.345032779671177
23	13	532	0.345032779671177
24	12	532	0.517549169506766
26	10	532	-0.517549169506766
27	9	532	0.310529501704059
28	8	532	-0.103509833901353
29	7	532	-0.103509833901353
30	6	532	0.310529501704060
31	5	532	0.069006555934235
32	4	532	-0.034503277967118
34	2	532	0.034503277967118
35	1	532	-0.069006555934235
23	14	533	0.487950036474267
25	12	533	0.517549169506766
26	11	533	-0.517549169506766
28	9	533	0.253546276418555
29	8	533	-0.292770021884560
30	7	533	0.253546276418555
32	5	533	0.048795003647427
33	4	533	-0.059761430466720
34	3	533	0.059761430466720
35	2	533	-0.048795003647427
22	15	534	0.345032779671177
24	14	534	0.563436169819011
25	13	534	-0.398409536444798
27	12	534	0.422577127364258
28	11	534	-0.345032779671177
29	10	534	0.243975018237133
31	9	534	0.138013111868471
32	8	534	-0.119522860933439
33	7	534	0.097590007294853
34	6	534	-0.069006555934235
23	15	535	0.345032779671177
25	14	535	0.398409536444798
26	13	535	-0.563436169819011
28	12	535	0.243975018237133
29	11	535	-0.345032779671177
30	10	535	0.422577127364258
32	9	535	0.069006555934235
33	8	535	-0.097590007294853
34	7	535	0.119522860933439
35	6	535	-0.138013111868471
24	1	536	1.000000000000000
24	2	537	0.816496580927726
25	1	537	0.577350269189626
24	3	538	0.632455532033675
25	2	538	0.730296743340221
26	1	538	0.258198889747161
24	4	539	0.447213595499958
25	3	539	0.774596669241483
26	2	539	0.447213595499958
24	5	540	0.258198889747161
25	4	540	0.730296743340221
26	3	540	0.632455532033676
25	5	541	0.577350269189626
26	4	541	0.816496580927726
26	5	542	1.000000000000001
24	6	543	0.881917103688196
27	2	543	0.308606699924183
28	1	543	-0.356348322549899
24	7	544	0.683130051063973
25	6	544	0.557773351022717
27	3	544	0.338061701891406
28	2	544	-0.079681907288960
29	1	544	-0.318727629155838
24	8	545	0.483045891539648
25	7	545	0.683130051063973
26	6	545	0.278886675511358
27	4	545	0.292770021884560
28	3	545	0.138013111868471
29	2	545	-0.281718084909506
30	1	545	-0.195180014589707
24	9	546	0.278886675511358
25	8	546	0.683130051063973
26	7	546	0.483045891539648
27	5	546	0.195180014589707
28	4	546	0.281718084909505
29	3	546	-0.138013111868471
30	2	546	-0.292770021884560
25	9	547	0.557773351022717
26	8	547	0.683130051063974
28	5	547	0.318727629155838
29	4	547	0.079681907288960
30	3	547	-0.338061701891407
26	9	548	0.881917103688198
29	5	548	0.356348322549900
30	4	548	-0.308606699924184
24	10	549	0.763762615825973
27	7	549	0.440958551844098
28	6	549	-0.440958551844098
31	3	549	0.089087080637475
32	2	549	-0.109108945117996
33	1	549	0.089087080637475
24	11	550	0.540061724867321
25	10	550	0.540061724867322
27	8	550	0.440958551844098
29	6	550	-0.440958551844099
31	4	550	0.109108945117996
32	3	550	-0.044543540318737
33	2	550	-0.044543540318737
34	1	550	0.109108945117996
24	12	551	0.311804782231162
25	11	551	0.623609564462324
26	10	551	0.311804782231162
27	9	551	0.311804782231162
28	8	551	0.311804782231162
29	7	551	-0.311804782231162
30	6	551	-0.311804782231162
31	5	551	0.089087080637475
32	4	551	0.044543540318738
33	3	551	-0.089087080637475
34	2	551	0.044543540318738
35	1	551	0.089087080637475
25	12	552	0.540061724867322
26	11	552	0.540061724867322
28	9	552	0.440958551844098
30	7	552	-0.440958551844099
32	5	552	0.109108945117996
33	4	552	-0.044543540318737
34	3	552	-0.044543540318737
35	2	552	0.109108945117996
26	12	553	0.763762615825974
29	9	553	0.440958551844099
30	8	553	-0.440958551844099
33	5	553	0.089087080637475
34	4	553	-0.109108945117996
35	3	553	0.089087080637475
24	13	554	0.645497224367903
27	11	554	0.547722557505166
28	10	554	-0.447213595499958
31	8	554	0.182574185835055
32	7	554	-0.182574185835055
33	6	554	0.129099444873581
24	14	555	0.372677996249965
25	13	555	0.527046276694730
27	12	555	0.447213595499958
28	11	555	0.182574185835055
29	10	555	-0.516397779494322
31	9	555	0.182574185835055
33	7	555	-0.129099444873580
34	6	555	0.182574185835055
25	14	556	0.527046276694730
26	13	556	0.372677996249965
28	12	556	0.516397779494322
29	11	556	-0.182574185835055
30	10	556	-0.447213595499958
32	9	556	0.182574185835056
33	8	556	-0.129099444873580
35	6	556	0.182574185835055
26	14	557	0.645497224367903
29	12	557	0.447213595499959
30	11	557	-0.547722557505167
33	9	557	0.129099444873581
34	8	557	-0.182574185835055
35	7	557	0.182574185835056
24	15	558	0.527046276694730
27	14	558	0.645497224367903
28	13	558	-0.372677996249965
31	12	558	0.316227766016838
32	11	558	-0.223606797749979
33	10	558	0.129099444873581
25	15	559	0.527046276694730
28	14	559	0.527046276694730
29	13	559	-0.527046276694730
32	12	559	0.223606797749979
33	11	559	-0.258198889747161
34	10	559	0.223606797749979
26	15	560	0.527046276694730
29	14	560	0.372677996249966
30	13	560	-0.645497224367903
33	12	560	0.129099444873581
34	11	560	-0.223606797749979
35	10	560	0.316227766016838
27	1	561	1.000000000000000
27	2	562	0.755928946018454
28	1	562	0.654653670707977
27	3	563	0.534522483824848
28	2	563	0.755928946018454
29	1	563	0.377964473009227
27	4	564	0.338061701891406
28	3	564	0.717137165600636
29	2	564	0.585540043769120
30	1	564	0.169030850945703
27	5	565	0.169030850945703
28	4	565	0.585540043769119
29	3	565	0.717137165600636
30	2	565	0.338061701891407
28	5	566	0.377964473009227
29	4	566	0.755928946018454
30	3	566	0.534522483824848
29	5	567	0.654653670707977
30	4	567	0.755928946018454
30	5	568	0.999999999999999
27	6	569	0.942809041582062
31	2	569	0.235702260395515
32	1	569	-0.235702260395516
27	7	570	0.666666666666666
28	6	570	0.666666666666666
31	3	570	0.235702260395515
33	1	570	-0.235702260395516
27	8	571	0.421637021355783
28	7	571	0.730296743340221
29	6	571	0.421637021355784
31	4	571	0.182574185835055
32	3	571	0.149071198499986
33	2	571	-0.149071198499986
34	1	571	-0.182574185835056
27	9	572	0.210818510677892
28	8	572	0.632455532033675
29	7	572	0.632455532033675
30	6	572	0.210818510677892
31	5	572	0.105409255338946
32	4	572	0.210818510677892
34	2	572	-0.210818510677892
35	1	572	-0.105409255338946
28	9	573	0.421637021355783
29	8	573	0.730296743340221
30	7	573	0.421637021355784
32	5	573	0.182574185835055
33	4	573	0.149071198499986
34	3	573	-0.149071198499986
35	2	573	-0.182574185835056
29	9	574	0.666666666666666
30	8	574	0.666666666666666
33	5	574	0.235702260395516
35	3	574	-0.235702260395516
30	9	575	0.942809041582062
34	5	575	0.235702260395516
35	4	575	-0.235702260395516
27	10	576	0.881917103688196
31	7	576	0.356348322549899
32	6	576	-0.308606699924184
27	11	577	0.557773351022716
28	10	577	0.683130051063973
31	8	577	0.318727629155838
32	7	577	0.079681907288959
33	6	577	-0.338061701891407
27	12	578	0.278886675511358
28	11	578	0.683130051063973
29	10	578	0.483045891539648
31	9	578	0.195180014589706
32	8	578	0.281718084909505
33	7	578	-0.138013111868471
34	6	578	-0.292770021884560
28	12	579	0.483045891539647
29	11	579	0.683130051063973
30	10	579	0.278886675511359
32	9	579	0.292770021884560
33	8	579	0.138013111868471
34	7	579	-0.281718084909506
35	6	579	-0.195180014589707
29	12	580	0.683130051063972
30	11	580	0.557773351022717
33	9	580	0.338061701891406
34	8	580	-0.079681907288960
35	7	580	-0.318727629155839
30	12	581	0.881917103688196
34	9	581	0.308606699924184
35	8	581	-0.356348322549899
27	13	582	0.816496580927725
31	11	582	0.471404520791031
32	10	582	-0.333333333333333
27	14	583	0.408248290463863
28	13	583	0.707106781186547
31	12	583	0.333333333333333
32	11	583	0.235702260395516
33	10	583	-0.408248290463863
28	14	584	0.577350269189625
29	13	584	0.577350269189625
32	12	584	0.408248290463863
34	10	584	-0.408248290463863
29	14	585	0.707106781186547
30	13	585	0.408248290463863
33	12	585	0.408248290463863
34	11	585	-0.235702260395516
35	10	585	-0.333333333333333
30	14	586	0.816496580927725
34	12	586	0.333333333333333
35	11	586	-0.471404520791032
27	15	587	0.745355992499930
31	14	587	0.596284793999944
32	13	587	-0.298142396999972
28	15	588	0.745355992499930
32	14	588	0.516397779494322
33	13	588	-0.421637021355784
29	15	589	0.745355992499930
33	14	589	0.421637021355784
34	13	589	-0.516397779494322
30	15	590	0.745355992499929
34	14	590	0.298142396999972
35	13	590	-0.596284793999944
31	1	591	1.000000000000000
31	2	592	0.707106781186548
32	1	592	0.707106781186548
31	3	593	0.462910049886276
32	2	593	0.755928946018455
33	1	593	0.462910049886276
31	4	594	0.267261241912424
32	3	594	0.654653670707977
33	2	594	0.654653670707977
34	1	594	0.267261241912424
31	5	595	0.119522860933439
32	4	595	0.478091443733757
33	3	595	0.717137165600636
34	2	595	0.478091443733757
35	1	595	0.119522860933439
32	5	596	0.267261241912424
33	4	596	0.654653670707977
34	3	596	0.654653670707977
35	2	596	0.267261241912424
33	5	597	0.462910049886276
34	4	597	0.755928946018454
35	3	597	0.462910049886276
34	5	598	0.707106781186548
35	4	598	0.707106781186548
35	5	599	1.000000000000000
31	6	600	0.999999999999999
31	7	601	0.654653670707977
32	6	601	0.755928946018454
31	8	602	0.377964473009227
32	7	602	0.755928946018454
33	6	602	0.534522483824849
31	9	603	0.169030850945703
32	8	603	0.585540043769120
33	7	603	0.717137165600636
34	6	603	0.338061701891406
32	9	604	0.338061701891406
33	8	604	0.717137165600636
34	7	604	0.585540043769120
35	6	604	0.169030850945703
33	9	605	0.534522483824848
34	8	605	0.755928946018454
35	7	605	0.377964473009227
34	9	606	0.755928946018454
35	8	606	0.654653670707977
35	9	607	1.000000000000000
31	10	608	1.000000000000000
31	11	609	0.577350269189626
32	10	609	0.816496580927726
31	12	610	0.258198889747161
32	11	610	0.730296743340221
33	10	610	0.632455532033676
32	12	611	0.447213595499957
33	11	611	0.774596669241483
34	10	611	0.447213595499958
33	12	612	0.632455532033675
34	11	612	0.730296743340221
35	10	612	0.258198889747161
34	12	613	0.816496580927726
35	11	613	0.577350269189626
35	12	614	1.000000000000000
31	13	615	0.999999999999999
31	14	616	0.447213595499958
32	13	616	0.894427190999915
32	14	617	0.632455532033676
33	13	617	0.774596669241483
33	14	618	0.774596669241483
34	13	618	0.632455532033676
34	14	619	0.894427190999916
35	13	619	0.447213595499958
35	14	620	1.000000000000000
31	15	621	1.000000000000000
32	15	622	1.000000000000000
33	15	623	1.000000000000000
34	15	624	1.000000000000000
35	15	625	1.000000000000000
21	16	626	0.999999999999999
21	17	627	0.999999999999999
21	18	628	1.000000000000000
21	19	629	1.000000000000000
21	20	630	0.707106781186547
22	17	630	0.353553390593273
23	16	630	-0.612372435695794
21	21	631	0.707106781186547
22	18	631	0.500000000000000
23	17	631	-0.499999999999999
21	22	632	0.707106781186548
22	19	632	0.612372435695795
23	18	632	-0.353553390593274
21	23	633	0.462910049886275
22	21	633	0.436435780471985
23	20	633	-0.617213399848367
24	18	633	0.188982236504614
25	17	633	-0.267261241912424
26	16	633	0.327326835353988
21	24	634	0.462910049886276
22	22	634	0.617213399848368
23	21	634	-0.436435780471985
24	19	634	0.327326835353989
25	18	634	-0.267261241912424
26	17	634	0.188982236504613
21	25	635	0.267261241912424
22	24	635	0.462910049886276
23	23	635	-0.462910049886275
24	22	635	0.377964473009228
25	21	635	-0.377964473009227
26	20	635	0.377964473009227
27	19	635	0.133630620956212
28	18	635	-0.133630620956213
29	17	635	0.133630620956212
30	16	635	-0.133630620956212
22	16	636	0.999999999999999
22	17	637	0.866025403784438
23	16	637	0.500000000000000
22	18	638	0.707106781186546
23	17	638	0.707106781186547
22	19	639	0.499999999999999
23	18	639	0.866025403784438
23	19	640	1.000000000000000
22	20	641	0.790569415042094
24	17	641	0.387298334620741
25	16	641	-0.474341649025257
22	21	642	0.645497224367902
23	20	642	0.456435464587638
24	18	642	0.447213595499957
25	17	642	-0.158113883008419
26	16	642	-0.387298334620741
22	22	643	0.456435464587638
23	21	643	0.645497224367902
24	19	643	0.387298334620741
25	18	643	0.158113883008419
26	17	643	-0.447213595499957
23	22	644	0.790569415042094
25	19	644	0.474341649025257
26	18	644	-0.387298334620741
22	23	645	0.597614304667196
24	21	645	0.517549169506766
25	20	645	-0.517549169506765
27	18	645	0.179284291400159
28	17	645	-0.207019667802706
29	16	645	0.179284291400159
22	24	646	0.422577127364258
23	23	646	0.422577127364258
24	22	646	0.517549169506765
26	20	646	-0.517549169506765
27	19	646	0.219577516413420
28	18	646	-0.073192505471139
29	17	646	-0.073192505471140
30	16	646	0.219577516413420
23	24	647	0.597614304667197
25	22	647	0.517549169506766
26	21	647	-0.517549169506765
28	19	647	0.179284291400160
29	18	647	-0.207019667802706
30	17	647	0.179284291400159
22	25	648	0.422577127364258
24	24	648	0.597614304667197
25	23	648	-0.422577127364258
27	22	648	0.365962527355700
28	21	648	-0.298807152333598
29	20	648	0.211288563682129
31	19	648	0.084515425472852
32	18	648	-0.073192505471140
33	17	648	0.059761430466720
34	16	648	-0.042257712736426
23	25	649	0.422577127364258
25	24	649	0.422577127364259
26	23	649	-0.597614304667197
28	22	649	0.211288563682130
29	21	649	-0.298807152333598
30	20	649	0.365962527355700
32	19	649	0.042257712736426
33	18	649	-0.059761430466720
34	17	649	0.073192505471140
35	16	649	-0.084515425472852
24	16	650	0.999999999999999
24	17	651	0.774596669241483
25	16	651	0.632455532033675
24	18	652	0.547722557505166
25	17	652	0.774596669241483
26	16	652	0.316227766016838
24	19	653	0.316227766016838
25	18	653	0.774596669241483
26	17	653	0.547722557505166
25	19	654	0.632455532033675
26	18	654	0.774596669241483
26	19	655	0.999999999999999
24	20	656	0.866025403784438
27	17	656	0.353553390593273
28	16	656	-0.353553390593274
24	21	657	0.612372435695794
25	20	657	0.612372435695794
27	18	657	0.353553390593273
29	16	657	-0.353553390593274
24	22	658	0.353553390593273
25	21	658	0.707106781186547
26	20	658	0.353553390593274
27	19	658	0.250000000000000
28	18	658	0.249999999999999
29	17	658	-0.250000000000000
30	16	658	-0.250000000000000
25	22	659	0.612372435695794
26	21	659	0.612372435695794
28	19	659	0.353553390593273
30	17	659	-0.353553390593274
26	22	660	0.866025403784438
29	19	660	0.353553390593274
30	18	660	-0.353553390593274
24	23	661	0.731925054711399
27	21	661	0.507092552837110
28	20	661	-0.414039335605412
31	18	661	0.119522860933439
32	17	661	-0.119522860933439
33	16	661	0.084515425472852
24	24	662	0.422577127364258
25	23	662	0.597614304667197
27	22	662	0.414039335605412
28	21	662	0.169030850945703
29	20	662	-0.478091443733757
31	19	662	0.119522860933439
33	17	662	-0.084515425472851
34	16	662	0.119522860933439
25	24	663	0.597614304667197
26	23	663	0.422577127364258
28	22	663	0.478091443733757
29	21	663	-0.169030850945703
30	20	663	-0.414039335605413
32	19	663	0.119522860933439
33	18	663	-0.084515425472851
35	16	663	0.119522860933439
26	24	664	0.731925054711400
29	22	664	0.414039335605413
30	21	664	-0.507092552837110
33	19	664	0.084515425472852
34	18	664	-0.119522860933439
35	17	664	0.119522860933439
24	25	665	0.597614304667197
27	24	665	0.633865691046387
28	23	665	-0.365962527355700
31	22	665	0.253546276418555
32	21	665	-0.179284291400159
33	20	665	0.103509833901353
25	25	666	0.597614304667196
28	24	666	0.517549169506766
29	23	666	-0.517549169506765
32	22	666	0.179284291400159
33	21	666	-0.207019667802706
34	20	666	0.179284291400159
26	25	667	0.597614304667197
29	24	667	0.365962527355700
30	23	667	-0.633865691046388
33	22	667	0.103509833901353
34	21	667	-0.179284291400159
35	20	667	0.253546276418555
27	16	668	1.000000000000000
27	17	669	0.707106781186547
28	16	669	0.707106781186548
27	18	670	0.447213595499958
28	17	670	0.774596669241483
29	16	670	0.447213595499958
27	19	671	0.223606797749979
28	18	671	0.670820393249937
29	17	671	0.670820393249937
30	16	671	0.223606797749979
28	19	672	0.447213595499958
29	18	672	0.774596669241483
30	17	672	0.447213595499958
29	19	673	0.707106781186547
30	18	673	0.707106781186547
30	19	674	1.000000000000000
27	20	675	0.935414346693485
31	17	675	0.267261241912424
32	16	675	-0.231455024943138
27	21	676	0.591607978309961
28	20	676	0.724568837309471
31	18	676	0.239045721866878
32	17	676	0.059761430466719
33	16	676	-0.253546276418555
27	22	677	0.295803989154981
28	21	677	0.724568837309471
29	20	677	0.512347538297980
31	19	677	0.146385010942280
32	18	677	0.211288563682129
33	17	677	-0.103509833901353
34	16	677	-0.219577516413420
28	22	678	0.512347538297979
29	21	678	0.724568837309471
30	20	678	0.295803989154981
32	19	678	0.219577516413420
33	18	678	0.103509833901353
34	17	678	-0.211288563682129
35	16	678	-0.146385010942280
29	22	679	0.724568837309471
30	21	679	0.591607978309961
33	19	679	0.253546276418555
34	18	679	-0.059761430466720
35	17	679	-0.239045721866879
30	22	680	0.935414346693485
34	19	680	0.231455024943138
35	18	680	-0.267261241912425
27	23	681	0.866025403784438
31	21	681	0.408248290463863
32	20	681	-0.288675134594813
27	24	682	0.433012701892219
28	23	682	0.750000000000000
31	22	682	0.288675134594813
32	21	682	0.204124145231931
33	20	682	-0.353553390593274
28	24	683	0.612372435695794
29	23	683	0.612372435695794
32	22	683	0.353553390593273
34	20	683	-0.353553390593274
29	24	684	0.749999999999999
30	23	684	0.433012701892219
33	22	684	0.353553390593273
34	21	684	-0.204124145231932
35	20	684	-0.288675134594813
30	24	685	0.866025403784438
34	22	685	0.288675134594813
35	21	685	-0.408248290463863
27	25	686	0.790569415042095
31	24	686	0.547722557505166
32	23	686	-0.273861278752583
28	25	687	0.790569415042095
32	24	687	0.474341649025257
33	23	687	-0.387298334620742
29	25	688	0.790569415042095
33	24	688	0.387298334620742
34	23	688	-0.474341649025257
30	25	689	0.790569415042094
34	24	689	0.273861278752583
35	23	689	-0.547722557505166
31	16	690	1.000000000000000
31	17	691	0.654653670707977
32	16	691	0.755928946018454
31	18	692	0.377964473009227
32	17	692	0.755928946018454
33	16	692	0.534522483824849
31	19	693	0.169030850945703
32	18	693	0.585540043769120
33	17	693	0.717137165600636
34	16	693	0.338061701891407
32	19	694	0.338061701891407
33	18	694	0.717137165600637
34	17	694	0.585540043769120
35	16	694	0.169030850945703
33	19	695	0.534522483824849
34	18	695	0.755928946018455
35	17	695	0.377964473009227
34	19	696	0.755928946018455
35	18	696	0.654653670707977
35	19	697	1.000000000000000
31	20	698	1.000000000000000
31	21	699	0.577350269189626
32	20	699	0.816496580927726
31	22	700	0.258198889747161
32	21	700	0.730296743340222
33	20	700	0.632455532033676
32	22	701	0.447213595499958
33	21	701	0.774596669241484
34	20	701	0.447213595499958
33	22	702	0.632455532033676
34	21	702	0.730296743340222
35	20	702	0.258198889747161
34	22	703	0.816496580927726
35	21	703	0.577350269189626
35	22	704	1.000000000000000
31	23	705	0.999999999999999
31	24	706	0.447213595499958
32	23	706	0.894427190999916
32	24	707	0.632455532033676
33	23	707	0.774596669241483
33	24	708	0.774596669241483
34	23	708	0.632455532033676
34	24	709	0.894427190999916
35	23	709	0.447213595499958
35	24	710	1.000000000000000
31	25	711	1.000000000000000
32	25	712	1.000000000000000
33	25	713	1.000000000000000
34	25	714	1.000000000000000
35	25	715	1.000000000000000
21	26	716	1.000000000000000
21	27	717	0.999999999999999
21	28	718	1.000000000000000
21	29	719	0.654653670707977
22	27	719	0.436435780471984
23	26	719	-0.617213399848367
21	30	720	0.654653670707977
22	28	720	0.617213399848368
23	27	720	-0.436435780471985
21	31	721	0.377964473009227
22	30	721	0.534522483824849
23	29	721	-0.534522483824849
24	28	721	0.308606699924184
25	27	721	-0.308606699924184
26	26	721	0.308606699924184
22	26	722	0.999999999999999
22	27	723	0.816496580927726
23	26	723	0.577350269189626
22	28	724	0.577350269189625
23	27	724	0.816496580927726
23	28	725	0.999999999999999
22	29	726	0.755928946018454
24	27	726	0.462910049886275
25	26	726	-0.462910049886276
22	30	727	0.534522483824848
23	29	727	0.534522483824849
24	28	727	0.462910049886275
26	26	727	-0.462910049886276
23	30	728	0.755928946018454
25	28	728	0.462910049886276
26	27	728	-0.462910049886276
22	31	729	0.534522483824848
24	30	729	0.617213399848367
25	29	729	-0.436435780471985
27	28	729	0.267261241912425
28	27	729	-0.218217890235992
29	26	729	0.154303349962092
23	31	730	0.534522483824848
25	30	730	0.436435780471985
26	29	730	-0.617213399848367
28	28	730	0.154303349962092
29	27	730	-0.218217890235992
30	26	730	0.267261241912424
24	26	731	0.999999999999999
24	27	732	0.707106781186547
25	26	732	0.707106781186547
24	28	733	0.408248290463863
25	27	733	0.816496580927725
26	26	733	0.408248290463863
25	28	734	0.707106781186547
26	27	734	0.707106781186547
26	28	735	0.999999999999999
24	29	736	0.845154254728516
27	27	736	0.414039335605412
28	26	736	-0.338061701891407
24	30	737	0.487950036474266
25	29	737	0.690065559342354
27	28	737	0.338061701891406
28	27	737	0.138013111868471
29	26	737	-0.390360029179413
25	30	738	0.690065559342354
26	29	738	0.487950036474266
28	28	738	0.390360029179413
29	27	738	-0.138013111868471
30	26	738	-0.338061701891407
26	30	739	0.845154254728516
29	28	739	0.338061701891406
30	27	739	-0.414039335605413
24	31	740	0.690065559342354
27	30	740	0.597614304667197
28	29	740	-0.345032779671177
31	28	740	0.169030850945703
32	27	740	-0.119522860933439
33	26	740	0.069006555934235
25	31	741	0.690065559342354
28	30	741	0.487950036474267
29	29	741	-0.487950036474267
32	28	741	0.119522860933440
33	27	741	-0.138013111868471
34	26	741	0.119522860933439
26	31	742	0.690065559342354
29	30	742	0.345032779671177
30	29	742	-0.597614304667197
33	28	742	0.069006555934235
34	27	742	-0.119522860933439
35	26	742	0.169030850945703
27	26	743	1.000000000000000
27	27	744	0.632455532033676
28	26	744	0.774596669241483
27	28	745	0.316227766016838
28	27	745	0.774596669241483
29	26	745	0.547722557505166
28	28	746	0.547722557505166
29	27	746	0.774596669241483
30	26	746	0.316227766016838
29	28	747	0.774596669241483
30	27	747	0.632455532033676
30	28	748	1.000000000000000
27	29	749	0.925820099772551
31	27	749	0.308606699924184
32	26	749	-0.218217890235992
27	30	750	0.462910049886275
28	29	750	0.801783725737273
31	28	750	0.218217890235992
32	27	750	0.154303349962092
33	26	750	-0.267261241912424
28	30	751	0.654653670707977
29	29	751	0.654653670707977
32	28	751	0.267261241912424
34	26	751	-0.267261241912424
29	30	752	0.801783725737273
30	29	752	0.462910049886276
33	28	752	0.267261241912424
34	27	752	-0.154303349962092
35	26	752	-0.218217890235992
30	30	753	0.925820099772551
34	28	753	0.218217890235992
35	27	753	-0.308606699924184
27	31	754	0.845154254728516
31	30	754	0.478091443733757
32	29	754	-0.239045721866879
28	31	755	0.845154254728516
32	30	755	0.414039335605412
33	29	755	-0.338061701891407
29	31	756	0.845154254728517
33	30	756	0.338061701891407
34	29	756	-0.414039335605413
30	31	757	0.845154254728516
34	30	757	0.239045721866878
35	29	757	-0.478091443733758
31	26	758	1.000000000000000
31	27	759	0.577350269189626
32	26	759	0.816496580927726
31	28	760	0.258198889747161
32	27	760	0.730296743340221
33	26	760	0.632455532033676
32	28	761	0.447213595499958
33	27	761	0.774596669241483
34	26	761	0.447213595499958
33	28	762	0.632455532033676
34	27	762	0.730296743340222
35	26	762	0.258198889747161
34	28	763	0.816496580927726
35	27	763	0.577350269189626
35	28	764	1.000000000000000
31	29	765	0.999999999999999
31	30	766	0.447213595499958
32	29	766	0.894427190999916
32	30	767	0.632455532033676
33	29	767	0.774596669241483
33	30	768	0.774596669241483
34	29	768	0.632455532033676
34	30	769	0.894427190999916
35	29	769	0.447213595499958
35	30	770	1.000000000000000
31	31	771	1.000000000000000
32	31	772	1.000000000000000
33	31	773	1.000000000000000
34	31	774	1.000000000000000
35	31	775	1.000000000000000
21	32	776	0.999999999999999
21	33	777	0.999999999999999
21	34	778	0.577350269189625
22	33	778	0.577350269189625
23	32	778	-0.577350269189626
22	32	779	0.999999999999999
22	33	780	0.707106781186547
23	32	780	0.707106781186547
23	33	781	0.999999999999999
22	34	782	0.707106781186547
24	33	782	0.577350269189625
25	32	782	-0.408248290463863
23	34	783	0.707106781186547
25	33	783	0.408248290463862
26	32	783	-0.577350269189626
24	32	784	1.000000000000000
24	33	785	0.577350269189626
25	32	785	0.816496580927726
25	33	786	0.816496580927726
26	32	786	0.577350269189626
26	33	787	1.000000000000000
24	34	788	0.816496580927725
27	33	788	0.500000000000000
28	32	788	-0.288675134594813
25	34	789	0.816496580927725
28	33	789	0.408248290463862
29	32	789	-0.408248290463863
26	34	790	0.816496580927726
29	33	790	0.288675134594813
30	32	790	-0.500000000000000
27	32	791	0.999999999999999
27	33	792	0.500000000000000
28	32	792	0.866025403784438
28	33	793	0.707106781186547
29	32	793	0.707106781186547
29	33	794	0.866025403784438
30	32	794	0.500000000000000
30	33	795	1.000000000000000
27	34	796	0.912870929175277
31	33	796	0.365148371670111
32	32	796	-0.182574185835056
28	34	797	0.912870929175276
32	33	797	0.316227766016838
33	32	797	-0.258198889747161
29	34	798	0.912870929175277
33	33	798	0.258198889747161
34	32	798	-0.316227766016838
30	34	799	0.912870929175277
34	33	799	0.182574185835055
35	32	799	-0.365148371670111
31	32	800	0.999999999999999
31	33	801	0.447213595499958
32	32	801	0.894427190999915
32	33	802	0.632455532033676
33	32	802	0.774596669241483
33	33	803	0.774596669241483
34	32	803	0.632455532033676
34	33	804	0.894427190999916
35	32	804	0.447213595499958
35	33	805	1.000000000000000
31	34	806	1.000000000000000
32	34	807	1.000000000000000
33	34	808	1.000000000000000
34	34	809	1.000000000000000
35	34	810	1.000000000000000
21	35	811	0.999999999999999
22	35	812	0.999999999999999
23	35	813	1.000000000000000
24	35	814	1.000000000000000
25	35	815	1.000000000000000
26	35	816	1.000000000000000
27	35	817	1.000000000000000
28	35	818	1.000000000000000
29	35	819	1.000000000000000
30	35	820	1.000000000000000
31	35	821	1.000000000000000
32	35	822	1.000000000000000
33	35	823	1.000000000000000
34	35	824	1.000000000000000
35	35	825	1.000000000000000
